#x-axis,1
#second,Volt
-4.500000000000e-001,-2.81407e+000
-4.497440000000e-001,-2.81407e+000
-4.494880000000e-001,-2.41206e+000
-4.492320000000e-001,-2.61307e+000
-4.489760000000e-001,-2.41206e+000
-4.487200000000e-001,-2.41206e+000
-4.484640000000e-001,-2.41206e+000
-4.482080000000e-001,-2.21106e+000
-4.479520000000e-001,-2.41206e+000
-4.476960000000e-001,-2.41206e+000
-4.474400000000e-001,-2.21106e+000
-4.471840000000e-001,-2.61307e+000
-4.469280000000e-001,-2.41206e+000
-4.466720000000e-001,-2.01005e+000
-4.464160000000e-001,-2.61307e+000
-4.461600000000e-001,-2.41206e+000
-4.459040000000e-001,-2.41206e+000
-4.456480000000e-001,-2.21106e+000
-4.453920000000e-001,-2.21106e+000
-4.451360000000e-001,-2.21106e+000
-4.448800000000e-001,-2.01005e+000
-4.446240000000e-001,-2.21106e+000
-4.443680000000e-001,-2.41206e+000
-4.441120000000e-001,-2.01005e+000
-4.438560000000e-001,-2.01005e+000
-4.436000000000e-001,-2.21106e+000
-4.433440000000e-001,-2.01005e+000
-4.430880000000e-001,-2.01005e+000
-4.428320000000e-001,-2.01005e+000
-4.425760000000e-001,-1.80905e+000
-4.423200000000e-001,-1.80905e+000
-4.420640000000e-001,-2.01005e+000
-4.418080000000e-001,-2.01005e+000
-4.415520000000e-001,-2.01005e+000
-4.412960000000e-001,-1.80905e+000
-4.410400000000e-001,-2.01005e+000
-4.407840000000e-001,-1.80905e+000
-4.405280000000e-001,-1.60804e+000
-4.402720000000e-001,-1.80905e+000
-4.400160000000e-001,-1.60804e+000
-4.397600000000e-001,-1.60804e+000
-4.395040000000e-001,-1.80905e+000
-4.392480000000e-001,-1.80905e+000
-4.389920000000e-001,-1.60804e+000
-4.387360000000e-001,-1.40704e+000
-4.384800000000e-001,-1.60804e+000
-4.382240000000e-001,-1.60804e+000
-4.379680000000e-001,-1.60804e+000
-4.377120000000e-001,-1.60804e+000
-4.374560000000e-001,-1.40704e+000
-4.372000000000e-001,-1.20603e+000
-4.369440000000e-001,-1.40704e+000
-4.366880000000e-001,-1.40704e+000
-4.364320000000e-001,-1.40704e+000
-4.361760000000e-001,-1.20603e+000
-4.359200000000e-001,-1.20603e+000
-4.356640000000e-001,-1.20603e+000
-4.354080000000e-001,-1.20603e+000
-4.351520000000e-001,-1.20603e+000
-4.348960000000e-001,-1.20603e+000
-4.346400000000e-001,-1.00503e+000
-4.343840000000e-001,-1.20603e+000
-4.341280000000e-001,-1.20603e+000
-4.338720000000e-001,-1.20603e+000
-4.336160000000e-001,-1.00503e+000
-4.333600000000e-001,-1.00503e+000
-4.331040000000e-001,-1.00503e+000
-4.328480000000e-001,-1.00503e+000
-4.325920000000e-001,-1.00503e+000
-4.323360000000e-001,-8.04020e-001
-4.320800000000e-001,-1.20603e+000
-4.318240000000e-001,-8.04020e-001
-4.315680000000e-001,-8.04020e-001
-4.313120000000e-001,-8.04020e-001
-4.310560000000e-001,-1.00503e+000
-4.308000000000e-001,-8.04020e-001
-4.305440000000e-001,-8.04020e-001
-4.302880000000e-001,-6.03015e-001
-4.300320000000e-001,-6.03015e-001
-4.297760000000e-001,-8.04020e-001
-4.295200000000e-001,-6.03015e-001
-4.292640000000e-001,-1.00503e+000
-4.290080000000e-001,-4.02010e-001
-4.287520000000e-001,-6.03015e-001
-4.284960000000e-001,-6.03015e-001
-4.282400000000e-001,-6.03015e-001
-4.279840000000e-001,-6.03015e-001
-4.277280000000e-001,-6.03015e-001
-4.274720000000e-001,-4.02010e-001
-4.272160000000e-001,-6.03015e-001
-4.269600000000e-001,-4.02010e-001
-4.267040000000e-001,-4.02010e-001
-4.264480000000e-001,-6.03015e-001
-4.261920000000e-001,-4.02010e-001
-4.259360000000e-001,-6.03015e-001
-4.256800000000e-001,-4.02010e-001
-4.254240000000e-001,-4.02010e-001
-4.251680000000e-001,-4.02010e-001
-4.249120000000e-001,-4.02010e-001
-4.246560000000e-001,-2.01005e-001
-4.244000000000e-001,-4.02010e-001
-4.241440000000e-001,-4.02010e-001
-4.238880000000e-001,-2.01005e-001
-4.236320000000e-001, 0.00000e+000
-4.233760000000e-001, 0.00000e+000
-4.231200000000e-001,-2.01005e-001
-4.228640000000e-001,-2.01005e-001
-4.226080000000e-001,-4.02010e-001
-4.223520000000e-001, 0.00000e+000
-4.220960000000e-001, 0.00000e+000
-4.218400000000e-001, 0.00000e+000
-4.215840000000e-001, 0.00000e+000
-4.213280000000e-001, 0.00000e+000
-4.210720000000e-001, 0.00000e+000
-4.208160000000e-001, 0.00000e+000
-4.205600000000e-001, 2.01005e-001
-4.203040000000e-001, 0.00000e+000
-4.200480000000e-001, 2.01005e-001
-4.197920000000e-001, 0.00000e+000
-4.195360000000e-001, 0.00000e+000
-4.192800000000e-001, 2.01005e-001
-4.190240000000e-001, 2.01005e-001
-4.187680000000e-001, 2.01005e-001
-4.185120000000e-001, 4.02010e-001
-4.182560000000e-001, 2.01005e-001
-4.180000000000e-001, 4.02010e-001
-4.177440000000e-001, 2.01005e-001
-4.174880000000e-001, 4.02010e-001
-4.172320000000e-001, 4.02010e-001
-4.169760000000e-001, 4.02010e-001
-4.167200000000e-001, 4.02010e-001
-4.164640000000e-001, 4.02010e-001
-4.162080000000e-001, 4.02010e-001
-4.159520000000e-001, 4.02010e-001
-4.156960000000e-001, 6.03015e-001
-4.154400000000e-001, 4.02010e-001
-4.151840000000e-001, 4.02010e-001
-4.149280000000e-001, 6.03015e-001
-4.146720000000e-001, 8.04020e-001
-4.144160000000e-001, 8.04020e-001
-4.141600000000e-001, 8.04020e-001
-4.139040000000e-001, 8.04020e-001
-4.136480000000e-001, 8.04020e-001
-4.133920000000e-001, 6.03015e-001
-4.131360000000e-001, 1.00503e+000
-4.128800000000e-001, 8.04020e-001
-4.126240000000e-001, 1.00503e+000
-4.123680000000e-001, 1.00503e+000
-4.121120000000e-001, 1.20603e+000
-4.118560000000e-001, 1.00503e+000
-4.116000000000e-001, 8.04020e-001
-4.113440000000e-001, 1.00503e+000
-4.110880000000e-001, 8.04020e-001
-4.108320000000e-001, 1.20603e+000
-4.105760000000e-001, 1.00503e+000
-4.103200000000e-001, 1.00503e+000
-4.100640000000e-001, 1.00503e+000
-4.098080000000e-001, 1.20603e+000
-4.095520000000e-001, 1.00503e+000
-4.092960000000e-001, 1.20603e+000
-4.090400000000e-001, 1.20603e+000
-4.087840000000e-001, 1.20603e+000
-4.085280000000e-001, 1.20603e+000
-4.082720000000e-001, 1.20603e+000
-4.080160000000e-001, 1.00503e+000
-4.077600000000e-001, 1.20603e+000
-4.075040000000e-001, 1.40704e+000
-4.072480000000e-001, 1.40704e+000
-4.069920000000e-001, 1.60804e+000
-4.067360000000e-001, 1.40704e+000
-4.064800000000e-001, 1.40704e+000
-4.062240000000e-001, 1.60804e+000
-4.059680000000e-001, 1.60804e+000
-4.057120000000e-001, 1.60804e+000
-4.054560000000e-001, 1.40704e+000
-4.052000000000e-001, 1.40704e+000
-4.049440000000e-001, 1.40704e+000
-4.046880000000e-001, 1.60804e+000
-4.044320000000e-001, 1.60804e+000
-4.041760000000e-001, 1.60804e+000
-4.039200000000e-001, 1.60804e+000
-4.036640000000e-001, 1.60804e+000
-4.034080000000e-001, 1.80905e+000
-4.031520000000e-001, 1.80905e+000
-4.028960000000e-001, 1.80905e+000
-4.026400000000e-001, 1.80905e+000
-4.023840000000e-001, 2.01005e+000
-4.021280000000e-001, 1.80905e+000
-4.018720000000e-001, 2.01005e+000
-4.016160000000e-001, 1.80905e+000
-4.013600000000e-001, 2.01005e+000
-4.011040000000e-001, 2.21106e+000
-4.008480000000e-001, 2.01005e+000
-4.005920000000e-001, 2.01005e+000
-4.003360000000e-001, 2.01005e+000
-4.000800000000e-001, 2.01005e+000
-3.998240000000e-001, 2.01005e+000
-3.995680000000e-001, 1.80905e+000
-3.993120000000e-001, 2.01005e+000
-3.990560000000e-001, 2.01005e+000
-3.988000000000e-001, 2.21106e+000
-3.985440000000e-001, 2.21106e+000
-3.982880000000e-001, 2.21106e+000
-3.980320000000e-001, 2.41206e+000
-3.977760000000e-001, 2.21106e+000
-3.975200000000e-001, 2.41206e+000
-3.972640000000e-001, 2.21106e+000
-3.970080000000e-001, 2.21106e+000
-3.967520000000e-001, 2.21106e+000
-3.964960000000e-001, 2.41206e+000
-3.962400000000e-001, 2.21106e+000
-3.959840000000e-001, 2.21106e+000
-3.957280000000e-001, 2.41206e+000
-3.954720000000e-001, 2.61307e+000
-3.952160000000e-001, 2.41206e+000
-3.949600000000e-001, 2.41206e+000
-3.947040000000e-001, 2.41206e+000
-3.944480000000e-001, 2.61307e+000
-3.941920000000e-001, 2.81407e+000
-3.939360000000e-001, 2.61307e+000
-3.936800000000e-001, 2.41206e+000
-3.934240000000e-001, 2.61307e+000
-3.931680000000e-001, 2.61307e+000
-3.929120000000e-001, 2.81407e+000
-3.926560000000e-001, 2.41206e+000
-3.924000000000e-001, 2.61307e+000
-3.921440000000e-001, 2.81407e+000
-3.918880000000e-001, 2.81407e+000
-3.916320000000e-001, 2.61307e+000
-3.913760000000e-001, 2.81407e+000
-3.911200000000e-001, 3.01508e+000
-3.908640000000e-001, 3.01508e+000
-3.906080000000e-001, 2.81407e+000
-3.903520000000e-001, 2.81407e+000
-3.900960000000e-001, 3.01508e+000
-3.898400000000e-001, 3.01508e+000
-3.895840000000e-001, 3.01508e+000
-3.893280000000e-001, 3.01508e+000
-3.890720000000e-001, 3.01508e+000
-3.888160000000e-001, 3.01508e+000
-3.885600000000e-001, 3.21608e+000
-3.883040000000e-001, 3.21608e+000
-3.880480000000e-001, 3.01508e+000
-3.877920000000e-001, 3.21608e+000
-3.875360000000e-001, 3.41709e+000
-3.872800000000e-001, 3.21608e+000
-3.870240000000e-001, 3.21608e+000
-3.867680000000e-001, 3.21608e+000
-3.865120000000e-001, 3.01508e+000
-3.862560000000e-001, 3.41709e+000
-3.860000000000e-001, 3.41709e+000
-3.857440000000e-001, 3.21608e+000
-3.854880000000e-001, 3.61809e+000
-3.852320000000e-001, 3.21608e+000
-3.849760000000e-001, 3.41709e+000
-3.847200000000e-001, 3.41709e+000
-3.844640000000e-001, 3.61809e+000
-3.842080000000e-001, 3.41709e+000
-3.839520000000e-001, 3.41709e+000
-3.836960000000e-001, 3.61809e+000
-3.834400000000e-001, 3.61809e+000
-3.831840000000e-001, 3.61809e+000
-3.829280000000e-001, 3.61809e+000
-3.826720000000e-001, 3.41709e+000
-3.824160000000e-001, 3.61809e+000
-3.821600000000e-001, 3.81910e+000
-3.819040000000e-001, 3.81910e+000
-3.816480000000e-001, 3.61809e+000
-3.813920000000e-001, 3.81910e+000
-3.811360000000e-001, 3.81910e+000
-3.808800000000e-001, 3.81910e+000
-3.806240000000e-001, 3.81910e+000
-3.803680000000e-001, 3.61809e+000
-3.801120000000e-001, 4.02010e+000
-3.798560000000e-001, 3.81910e+000
-3.796000000000e-001, 4.02010e+000
-3.793440000000e-001, 4.02010e+000
-3.790880000000e-001, 4.02010e+000
-3.788320000000e-001, 4.02010e+000
-3.785760000000e-001, 4.02010e+000
-3.783200000000e-001, 4.02010e+000
-3.780640000000e-001, 4.02010e+000
-3.778080000000e-001, 4.22111e+000
-3.775520000000e-001, 4.42211e+000
-3.772960000000e-001, 4.22111e+000
-3.770400000000e-001, 4.22111e+000
-3.767840000000e-001, 4.02010e+000
-3.765280000000e-001, 4.42211e+000
-3.762720000000e-001, 4.22111e+000
-3.760160000000e-001, 4.22111e+000
-3.757600000000e-001, 4.02010e+000
-3.755040000000e-001, 4.22111e+000
-3.752480000000e-001, 4.42211e+000
-3.749920000000e-001, 4.42211e+000
-3.747360000000e-001, 4.42211e+000
-3.744800000000e-001, 4.22111e+000
-3.742240000000e-001, 4.42211e+000
-3.739680000000e-001, 4.42211e+000
-3.737120000000e-001, 4.22111e+000
-3.734560000000e-001, 4.82412e+000
-3.732000000000e-001, 4.62312e+000
-3.729440000000e-001, 4.42211e+000
-3.726880000000e-001, 4.62312e+000
-3.724320000000e-001, 4.62312e+000
-3.721760000000e-001, 4.62312e+000
-3.719200000000e-001, 4.82412e+000
-3.716640000000e-001, 4.42211e+000
-3.714080000000e-001, 4.62312e+000
-3.711520000000e-001, 4.42211e+000
-3.708960000000e-001, 4.62312e+000
-3.706400000000e-001, 4.82412e+000
-3.703840000000e-001, 4.62312e+000
-3.701280000000e-001, 4.82412e+000
-3.698720000000e-001, 4.82412e+000
-3.696160000000e-001, 5.02513e+000
-3.693600000000e-001, 4.82412e+000
-3.691040000000e-001, 5.02513e+000
-3.688480000000e-001, 4.82412e+000
-3.685920000000e-001, 4.82412e+000
-3.683360000000e-001, 4.82412e+000
-3.680800000000e-001, 5.02513e+000
-3.678240000000e-001, 5.02513e+000
-3.675680000000e-001, 5.22613e+000
-3.673120000000e-001, 5.02513e+000
-3.670560000000e-001, 5.02513e+000
-3.668000000000e-001, 4.82412e+000
-3.665440000000e-001, 5.02513e+000
-3.662880000000e-001, 5.22613e+000
-3.660320000000e-001, 5.22613e+000
-3.657760000000e-001, 5.22613e+000
-3.655200000000e-001, 5.02513e+000
-3.652640000000e-001, 5.22613e+000
-3.650080000000e-001, 5.42714e+000
-3.647520000000e-001, 5.22613e+000
-3.644960000000e-001, 5.42714e+000
-3.642400000000e-001, 5.22613e+000
-3.639840000000e-001, 5.42714e+000
-3.637280000000e-001, 5.42714e+000
-3.634720000000e-001, 5.42714e+000
-3.632160000000e-001, 5.22613e+000
-3.629600000000e-001, 5.22613e+000
-3.627040000000e-001, 5.42714e+000
-3.624480000000e-001, 5.42714e+000
-3.621920000000e-001, 5.62814e+000
-3.619360000000e-001, 5.42714e+000
-3.616800000000e-001, 5.42714e+000
-3.614240000000e-001, 5.42714e+000
-3.611680000000e-001, 5.62814e+000
-3.609120000000e-001, 5.62814e+000
-3.606560000000e-001, 5.62814e+000
-3.604000000000e-001, 5.62814e+000
-3.601440000000e-001, 5.82915e+000
-3.598880000000e-001, 5.62814e+000
-3.596320000000e-001, 6.03015e+000
-3.593760000000e-001, 6.03015e+000
-3.591200000000e-001, 5.82915e+000
-3.588640000000e-001, 5.82915e+000
-3.586080000000e-001, 5.82915e+000
-3.583520000000e-001, 5.82915e+000
-3.580960000000e-001, 5.82915e+000
-3.578400000000e-001, 6.03015e+000
-3.575840000000e-001, 5.82915e+000
-3.573280000000e-001, 5.82915e+000
-3.570720000000e-001, 6.03015e+000
-3.568160000000e-001, 6.03015e+000
-3.565600000000e-001, 6.03015e+000
-3.563040000000e-001, 5.82915e+000
-3.560480000000e-001, 6.23116e+000
-3.557920000000e-001, 6.23116e+000
-3.555360000000e-001, 6.03015e+000
-3.552800000000e-001, 6.23116e+000
-3.550240000000e-001, 6.23116e+000
-3.547680000000e-001, 6.23116e+000
-3.545120000000e-001, 6.23116e+000
-3.542560000000e-001, 6.23116e+000
-3.540000000000e-001, 6.03015e+000
-3.537440000000e-001, 6.43216e+000
-3.534880000000e-001, 6.43216e+000
-3.532320000000e-001, 6.23116e+000
-3.529760000000e-001, 6.43216e+000
-3.527200000000e-001, 6.63317e+000
-3.524640000000e-001, 6.43216e+000
-3.522080000000e-001, 6.43216e+000
-3.519520000000e-001, 6.63317e+000
-3.516960000000e-001, 6.43216e+000
-3.514400000000e-001, 6.63317e+000
-3.511840000000e-001, 6.43216e+000
-3.509280000000e-001, 6.63317e+000
-3.506720000000e-001, 6.83417e+000
-3.504160000000e-001, 6.63317e+000
-3.501600000000e-001, 6.63317e+000
-3.499040000000e-001, 6.63317e+000
-3.496480000000e-001, 6.83417e+000
-3.493920000000e-001, 6.83417e+000
-3.491360000000e-001, 6.83417e+000
-3.488800000000e-001, 6.83417e+000
-3.486240000000e-001, 6.83417e+000
-3.483680000000e-001, 6.83417e+000
-3.481120000000e-001, 7.03518e+000
-3.478560000000e-001, 6.63317e+000
-3.476000000000e-001, 7.03518e+000
-3.473440000000e-001, 7.03518e+000
-3.470880000000e-001, 7.03518e+000
-3.468320000000e-001, 7.03518e+000
-3.465760000000e-001, 7.03518e+000
-3.463200000000e-001, 7.03518e+000
-3.460640000000e-001, 7.23618e+000
-3.458080000000e-001, 7.03518e+000
-3.455520000000e-001, 7.03518e+000
-3.452960000000e-001, 7.03518e+000
-3.450400000000e-001, 7.43719e+000
-3.447840000000e-001, 7.23618e+000
-3.445280000000e-001, 7.43719e+000
-3.442720000000e-001, 7.23618e+000
-3.440160000000e-001, 7.43719e+000
-3.437600000000e-001, 7.23618e+000
-3.435040000000e-001, 7.23618e+000
-3.432480000000e-001, 7.23618e+000
-3.429920000000e-001, 7.23618e+000
-3.427360000000e-001, 7.43719e+000
-3.424800000000e-001, 7.43719e+000
-3.422240000000e-001, 7.43719e+000
-3.419680000000e-001, 7.43719e+000
-3.417120000000e-001, 7.43719e+000
-3.414560000000e-001, 7.43719e+000
-3.412000000000e-001, 7.63819e+000
-3.409440000000e-001, 7.43719e+000
-3.406880000000e-001, 7.63819e+000
-3.404320000000e-001, 7.63819e+000
-3.401760000000e-001, 7.43719e+000
-3.399200000000e-001, 7.63819e+000
-3.396640000000e-001, 7.63819e+000
-3.394080000000e-001, 7.63819e+000
-3.391520000000e-001, 7.63819e+000
-3.388960000000e-001, 8.04020e+000
-3.386400000000e-001, 7.83920e+000
-3.383840000000e-001, 7.83920e+000
-3.381280000000e-001, 7.83920e+000
-3.378720000000e-001, 7.83920e+000
-3.376160000000e-001, 7.63819e+000
-3.373600000000e-001, 8.04020e+000
-3.371040000000e-001, 7.83920e+000
-3.368480000000e-001, 8.04020e+000
-3.365920000000e-001, 7.83920e+000
-3.363360000000e-001, 8.24121e+000
-3.360800000000e-001, 7.83920e+000
-3.358240000000e-001, 8.04020e+000
-3.355680000000e-001, 8.04020e+000
-3.353120000000e-001, 8.24121e+000
-3.350560000000e-001, 8.04020e+000
-3.348000000000e-001, 8.24121e+000
-3.345440000000e-001, 8.24121e+000
-3.342880000000e-001, 8.24121e+000
-3.340320000000e-001, 8.24121e+000
-3.337760000000e-001, 8.04020e+000
-3.335200000000e-001, 8.24121e+000
-3.332640000000e-001, 8.24121e+000
-3.330080000000e-001, 8.24121e+000
-3.327520000000e-001, 8.24121e+000
-3.324960000000e-001, 8.44221e+000
-3.322400000000e-001, 8.24121e+000
-3.319840000000e-001, 8.44221e+000
-3.317280000000e-001, 8.64322e+000
-3.314720000000e-001, 8.44221e+000
-3.312160000000e-001, 8.24121e+000
-3.309600000000e-001, 8.44221e+000
-3.307040000000e-001, 8.44221e+000
-3.304480000000e-001, 8.64322e+000
-3.301920000000e-001, 8.64322e+000
-3.299360000000e-001, 8.64322e+000
-3.296800000000e-001, 8.44221e+000
-3.294240000000e-001, 8.64322e+000
-3.291680000000e-001, 8.84422e+000
-3.289120000000e-001, 8.84422e+000
-3.286560000000e-001, 8.64322e+000
-3.284000000000e-001, 8.44221e+000
-3.281440000000e-001, 8.84422e+000
-3.278880000000e-001, 8.84422e+000
-3.276320000000e-001, 8.84422e+000
-3.273760000000e-001, 8.84422e+000
-3.271200000000e-001, 8.84422e+000
-3.268640000000e-001, 8.84422e+000
-3.266080000000e-001, 9.04523e+000
-3.263520000000e-001, 8.84422e+000
-3.260960000000e-001, 9.04523e+000
-3.258400000000e-001, 8.84422e+000
-3.255840000000e-001, 8.84422e+000
-3.253280000000e-001, 9.04523e+000
-3.250720000000e-001, 8.84422e+000
-3.248160000000e-001, 8.84422e+000
-3.245600000000e-001, 9.04523e+000
-3.243040000000e-001, 9.04523e+000
-3.240480000000e-001, 9.24623e+000
-3.237920000000e-001, 9.24623e+000
-3.235360000000e-001, 9.44724e+000
-3.232800000000e-001, 9.04523e+000
-3.230240000000e-001, 9.24623e+000
-3.227680000000e-001, 9.04523e+000
-3.225120000000e-001, 9.24623e+000
-3.222560000000e-001, 9.24623e+000
-3.220000000000e-001, 9.24623e+000
-3.217440000000e-001, 9.04523e+000
-3.214880000000e-001, 9.44724e+000
-3.212320000000e-001, 9.44724e+000
-3.209760000000e-001, 9.44724e+000
-3.207200000000e-001, 9.44724e+000
-3.204640000000e-001, 9.64824e+000
-3.202080000000e-001, 9.44724e+000
-3.199520000000e-001, 9.44724e+000
-3.196960000000e-001, 9.64824e+000
-3.194400000000e-001, 9.44724e+000
-3.191840000000e-001, 9.84925e+000
-3.189280000000e-001, 9.64824e+000
-3.186720000000e-001, 9.64824e+000
-3.184160000000e-001, 9.64824e+000
-3.181600000000e-001, 9.44724e+000
-3.179040000000e-001, 9.84925e+000
-3.176480000000e-001, 9.44724e+000
-3.173920000000e-001, 9.64824e+000
-3.171360000000e-001, 9.84925e+000
-3.168800000000e-001, 9.64824e+000
-3.166240000000e-001, 9.64824e+000
-3.163680000000e-001, 9.44724e+000
-3.161120000000e-001, 9.64824e+000
-3.158560000000e-001, 9.64824e+000
-3.156000000000e-001, 9.64824e+000
-3.153440000000e-001, 9.44724e+000
-3.150880000000e-001, 9.64824e+000
-3.148320000000e-001, 9.44724e+000
-3.145760000000e-001, 9.64824e+000
-3.143200000000e-001, 9.44724e+000
-3.140640000000e-001, 9.44724e+000
-3.138080000000e-001, 9.24623e+000
-3.135520000000e-001, 9.44724e+000
-3.132960000000e-001, 9.24623e+000
-3.130400000000e-001, 9.44724e+000
-3.127840000000e-001, 9.24623e+000
-3.125280000000e-001, 9.24623e+000
-3.122720000000e-001, 9.04523e+000
-3.120160000000e-001, 9.04523e+000
-3.117600000000e-001, 9.04523e+000
-3.115040000000e-001, 9.24623e+000
-3.112480000000e-001, 9.04523e+000
-3.109920000000e-001, 9.04523e+000
-3.107360000000e-001, 8.84422e+000
-3.104800000000e-001, 9.04523e+000
-3.102240000000e-001, 9.04523e+000
-3.099680000000e-001, 9.04523e+000
-3.097120000000e-001, 9.04523e+000
-3.094560000000e-001, 8.84422e+000
-3.092000000000e-001, 8.84422e+000
-3.089440000000e-001, 8.84422e+000
-3.086880000000e-001, 8.64322e+000
-3.084320000000e-001, 8.84422e+000
-3.081760000000e-001, 8.84422e+000
-3.079200000000e-001, 8.84422e+000
-3.076640000000e-001, 8.64322e+000
-3.074080000000e-001, 8.84422e+000
-3.071520000000e-001, 8.64322e+000
-3.068960000000e-001, 8.64322e+000
-3.066400000000e-001, 8.64322e+000
-3.063840000000e-001, 8.84422e+000
-3.061280000000e-001, 8.64322e+000
-3.058720000000e-001, 8.44221e+000
-3.056160000000e-001, 8.64322e+000
-3.053600000000e-001, 8.44221e+000
-3.051040000000e-001, 8.84422e+000
-3.048480000000e-001, 8.84422e+000
-3.045920000000e-001, 8.24121e+000
-3.043360000000e-001, 8.44221e+000
-3.040800000000e-001, 8.44221e+000
-3.038240000000e-001, 8.44221e+000
-3.035680000000e-001, 8.44221e+000
-3.033120000000e-001, 8.24121e+000
-3.030560000000e-001, 8.44221e+000
-3.028000000000e-001, 8.44221e+000
-3.025440000000e-001, 8.24121e+000
-3.022880000000e-001, 8.24121e+000
-3.020320000000e-001, 8.24121e+000
-3.017760000000e-001, 8.24121e+000
-3.015200000000e-001, 8.44221e+000
-3.012640000000e-001, 8.24121e+000
-3.010080000000e-001, 8.24121e+000
-3.007520000000e-001, 8.04020e+000
-3.004960000000e-001, 8.04020e+000
-3.002400000000e-001, 8.04020e+000
-2.999840000000e-001, 8.04020e+000
-2.997280000000e-001, 8.04020e+000
-2.994720000000e-001, 7.83920e+000
-2.992160000000e-001, 7.83920e+000
-2.989600000000e-001, 8.04020e+000
-2.987040000000e-001, 8.04020e+000
-2.984480000000e-001, 8.04020e+000
-2.981920000000e-001, 7.63819e+000
-2.979360000000e-001, 7.83920e+000
-2.976800000000e-001, 7.83920e+000
-2.974240000000e-001, 7.63819e+000
-2.971680000000e-001, 7.83920e+000
-2.969120000000e-001, 7.63819e+000
-2.966560000000e-001, 7.83920e+000
-2.964000000000e-001, 7.83920e+000
-2.961440000000e-001, 7.63819e+000
-2.958880000000e-001, 7.63819e+000
-2.956320000000e-001, 7.63819e+000
-2.953760000000e-001, 7.63819e+000
-2.951200000000e-001, 7.83920e+000
-2.948640000000e-001, 7.63819e+000
-2.946080000000e-001, 7.43719e+000
-2.943520000000e-001, 7.43719e+000
-2.940960000000e-001, 7.63819e+000
-2.938400000000e-001, 7.43719e+000
-2.935840000000e-001, 7.43719e+000
-2.933280000000e-001, 7.43719e+000
-2.930720000000e-001, 7.43719e+000
-2.928160000000e-001, 7.03518e+000
-2.925600000000e-001, 7.43719e+000
-2.923040000000e-001, 7.43719e+000
-2.920480000000e-001, 7.23618e+000
-2.917920000000e-001, 7.23618e+000
-2.915360000000e-001, 7.03518e+000
-2.912800000000e-001, 7.23618e+000
-2.910240000000e-001, 7.23618e+000
-2.907680000000e-001, 6.83417e+000
-2.905120000000e-001, 7.03518e+000
-2.902560000000e-001, 7.23618e+000
-2.900000000000e-001, 7.03518e+000
-2.897440000000e-001, 7.03518e+000
-2.894880000000e-001, 7.03518e+000
-2.892320000000e-001, 7.03518e+000
-2.889760000000e-001, 6.63317e+000
-2.887200000000e-001, 7.03518e+000
-2.884640000000e-001, 7.03518e+000
-2.882080000000e-001, 6.83417e+000
-2.879520000000e-001, 7.23618e+000
-2.876960000000e-001, 6.83417e+000
-2.874400000000e-001, 6.83417e+000
-2.871840000000e-001, 6.63317e+000
-2.869280000000e-001, 6.63317e+000
-2.866720000000e-001, 7.03518e+000
-2.864160000000e-001, 6.83417e+000
-2.861600000000e-001, 6.43216e+000
-2.859040000000e-001, 6.83417e+000
-2.856480000000e-001, 6.83417e+000
-2.853920000000e-001, 6.63317e+000
-2.851360000000e-001, 6.63317e+000
-2.848800000000e-001, 6.43216e+000
-2.846240000000e-001, 6.63317e+000
-2.843680000000e-001, 6.83417e+000
-2.841120000000e-001, 6.43216e+000
-2.838560000000e-001, 6.23116e+000
-2.836000000000e-001, 6.43216e+000
-2.833440000000e-001, 6.63317e+000
-2.830880000000e-001, 6.43216e+000
-2.828320000000e-001, 6.63317e+000
-2.825760000000e-001, 6.43216e+000
-2.823200000000e-001, 6.23116e+000
-2.820640000000e-001, 6.23116e+000
-2.818080000000e-001, 6.23116e+000
-2.815520000000e-001, 6.23116e+000
-2.812960000000e-001, 6.43216e+000
-2.810400000000e-001, 6.23116e+000
-2.807840000000e-001, 6.23116e+000
-2.805280000000e-001, 6.23116e+000
-2.802720000000e-001, 6.23116e+000
-2.800160000000e-001, 6.23116e+000
-2.797600000000e-001, 6.03015e+000
-2.795040000000e-001, 6.23116e+000
-2.792480000000e-001, 6.03015e+000
-2.789920000000e-001, 6.03015e+000
-2.787360000000e-001, 6.03015e+000
-2.784800000000e-001, 6.03015e+000
-2.782240000000e-001, 5.82915e+000
-2.779680000000e-001, 5.82915e+000
-2.777120000000e-001, 6.23116e+000
-2.774560000000e-001, 5.82915e+000
-2.772000000000e-001, 6.03015e+000
-2.769440000000e-001, 6.03015e+000
-2.766880000000e-001, 5.82915e+000
-2.764320000000e-001, 5.82915e+000
-2.761760000000e-001, 5.82915e+000
-2.759200000000e-001, 5.82915e+000
-2.756640000000e-001, 5.62814e+000
-2.754080000000e-001, 5.62814e+000
-2.751520000000e-001, 5.62814e+000
-2.748960000000e-001, 5.62814e+000
-2.746400000000e-001, 5.62814e+000
-2.743840000000e-001, 5.62814e+000
-2.741280000000e-001, 5.62814e+000
-2.738720000000e-001, 5.62814e+000
-2.736160000000e-001, 5.42714e+000
-2.733600000000e-001, 5.42714e+000
-2.731040000000e-001, 5.62814e+000
-2.728480000000e-001, 5.42714e+000
-2.725920000000e-001, 5.42714e+000
-2.723360000000e-001, 5.42714e+000
-2.720800000000e-001, 5.22613e+000
-2.718240000000e-001, 5.22613e+000
-2.715680000000e-001, 5.42714e+000
-2.713120000000e-001, 5.42714e+000
-2.710560000000e-001, 5.42714e+000
-2.708000000000e-001, 5.42714e+000
-2.705440000000e-001, 5.22613e+000
-2.702880000000e-001, 5.22613e+000
-2.700320000000e-001, 5.22613e+000
-2.697760000000e-001, 5.22613e+000
-2.695200000000e-001, 5.02513e+000
-2.692640000000e-001, 5.02513e+000
-2.690080000000e-001, 5.02513e+000
-2.687520000000e-001, 5.02513e+000
-2.684960000000e-001, 5.02513e+000
-2.682400000000e-001, 5.22613e+000
-2.679840000000e-001, 5.02513e+000
-2.677280000000e-001, 5.02513e+000
-2.674720000000e-001, 5.02513e+000
-2.672160000000e-001, 5.22613e+000
-2.669600000000e-001, 4.82412e+000
-2.667040000000e-001, 5.02513e+000
-2.664480000000e-001, 5.02513e+000
-2.661920000000e-001, 4.82412e+000
-2.659360000000e-001, 4.82412e+000
-2.656800000000e-001, 4.82412e+000
-2.654240000000e-001, 5.02513e+000
-2.651680000000e-001, 4.62312e+000
-2.649120000000e-001, 4.42211e+000
-2.646560000000e-001, 4.62312e+000
-2.644000000000e-001, 4.82412e+000
-2.641440000000e-001, 4.82412e+000
-2.638880000000e-001, 4.62312e+000
-2.636320000000e-001, 4.62312e+000
-2.633760000000e-001, 4.82412e+000
-2.631200000000e-001, 4.42211e+000
-2.628640000000e-001, 4.42211e+000
-2.626080000000e-001, 4.62312e+000
-2.623520000000e-001, 4.42211e+000
-2.620960000000e-001, 4.82412e+000
-2.618400000000e-001, 4.42211e+000
-2.615840000000e-001, 4.42211e+000
-2.613280000000e-001, 4.42211e+000
-2.610720000000e-001, 4.42211e+000
-2.608160000000e-001, 4.42211e+000
-2.605600000000e-001, 4.42211e+000
-2.603040000000e-001, 4.22111e+000
-2.600480000000e-001, 4.22111e+000
-2.597920000000e-001, 4.42211e+000
-2.595360000000e-001, 4.22111e+000
-2.592800000000e-001, 4.42211e+000
-2.590240000000e-001, 4.22111e+000
-2.587680000000e-001, 4.22111e+000
-2.585120000000e-001, 4.02010e+000
-2.582560000000e-001, 4.22111e+000
-2.580000000000e-001, 3.81910e+000
-2.577440000000e-001, 4.02010e+000
-2.574880000000e-001, 4.22111e+000
-2.572320000000e-001, 3.81910e+000
-2.569760000000e-001, 4.02010e+000
-2.567200000000e-001, 4.02010e+000
-2.564640000000e-001, 3.81910e+000
-2.562080000000e-001, 4.02010e+000
-2.559520000000e-001, 4.02010e+000
-2.556960000000e-001, 3.81910e+000
-2.554400000000e-001, 3.81910e+000
-2.551840000000e-001, 3.81910e+000
-2.549280000000e-001, 3.81910e+000
-2.546720000000e-001, 3.61809e+000
-2.544160000000e-001, 3.81910e+000
-2.541600000000e-001, 3.61809e+000
-2.539040000000e-001, 3.61809e+000
-2.536480000000e-001, 3.81910e+000
-2.533920000000e-001, 3.61809e+000
-2.531360000000e-001, 4.02010e+000
-2.528800000000e-001, 3.61809e+000
-2.526240000000e-001, 3.41709e+000
-2.523680000000e-001, 3.41709e+000
-2.521120000000e-001, 3.61809e+000
-2.518560000000e-001, 3.41709e+000
-2.516000000000e-001, 3.41709e+000
-2.513440000000e-001, 3.41709e+000
-2.510880000000e-001, 3.61809e+000
-2.508320000000e-001, 3.41709e+000
-2.505760000000e-001, 3.61809e+000
-2.503200000000e-001, 3.21608e+000
-2.500640000000e-001, 3.21608e+000
-2.498080000000e-001, 3.41709e+000
-2.495520000000e-001, 3.21608e+000
-2.492960000000e-001, 3.21608e+000
-2.490400000000e-001, 3.21608e+000
-2.487840000000e-001, 3.01508e+000
-2.485280000000e-001, 3.21608e+000
-2.482720000000e-001, 3.21608e+000
-2.480160000000e-001, 3.41709e+000
-2.477600000000e-001, 3.41709e+000
-2.475040000000e-001, 3.01508e+000
-2.472480000000e-001, 3.21608e+000
-2.469920000000e-001, 3.01508e+000
-2.467360000000e-001, 3.01508e+000
-2.464800000000e-001, 3.01508e+000
-2.462240000000e-001, 3.01508e+000
-2.459680000000e-001, 3.01508e+000
-2.457120000000e-001, 3.01508e+000
-2.454560000000e-001, 3.01508e+000
-2.452000000000e-001, 3.01508e+000
-2.449440000000e-001, 2.81407e+000
-2.446880000000e-001, 2.81407e+000
-2.444320000000e-001, 3.01508e+000
-2.441760000000e-001, 2.81407e+000
-2.439200000000e-001, 3.01508e+000
-2.436640000000e-001, 2.81407e+000
-2.434080000000e-001, 2.61307e+000
-2.431520000000e-001, 2.81407e+000
-2.428960000000e-001, 2.61307e+000
-2.426400000000e-001, 2.41206e+000
-2.423840000000e-001, 2.81407e+000
-2.421280000000e-001, 2.61307e+000
-2.418720000000e-001, 2.81407e+000
-2.416160000000e-001, 2.61307e+000
-2.413600000000e-001, 2.41206e+000
-2.411040000000e-001, 2.61307e+000
-2.408480000000e-001, 2.61307e+000
-2.405920000000e-001, 2.61307e+000
-2.403360000000e-001, 2.61307e+000
-2.400800000000e-001, 2.41206e+000
-2.398240000000e-001, 2.41206e+000
-2.395680000000e-001, 2.41206e+000
-2.393120000000e-001, 2.41206e+000
-2.390560000000e-001, 2.21106e+000
-2.388000000000e-001, 2.21106e+000
-2.385440000000e-001, 2.41206e+000
-2.382880000000e-001, 2.41206e+000
-2.380320000000e-001, 2.21106e+000
-2.377760000000e-001, 2.41206e+000
-2.375200000000e-001, 2.41206e+000
-2.372640000000e-001, 2.01005e+000
-2.370080000000e-001, 2.21106e+000
-2.367520000000e-001, 2.01005e+000
-2.364960000000e-001, 2.21106e+000
-2.362400000000e-001, 2.01005e+000
-2.359840000000e-001, 2.01005e+000
-2.357280000000e-001, 1.80905e+000
-2.354720000000e-001, 2.01005e+000
-2.352160000000e-001, 2.01005e+000
-2.349600000000e-001, 1.80905e+000
-2.347040000000e-001, 1.80905e+000
-2.344480000000e-001, 1.80905e+000
-2.341920000000e-001, 1.80905e+000
-2.339360000000e-001, 1.80905e+000
-2.336800000000e-001, 1.80905e+000
-2.334240000000e-001, 1.80905e+000
-2.331680000000e-001, 1.80905e+000
-2.329120000000e-001, 2.01005e+000
-2.326560000000e-001, 1.80905e+000
-2.324000000000e-001, 1.60804e+000
-2.321440000000e-001, 1.60804e+000
-2.318880000000e-001, 1.60804e+000
-2.316320000000e-001, 1.60804e+000
-2.313760000000e-001, 1.60804e+000
-2.311200000000e-001, 1.40704e+000
-2.308640000000e-001, 1.40704e+000
-2.306080000000e-001, 1.60804e+000
-2.303520000000e-001, 1.40704e+000
-2.300960000000e-001, 1.40704e+000
-2.298400000000e-001, 1.40704e+000
-2.295840000000e-001, 1.60804e+000
-2.293280000000e-001, 1.40704e+000
-2.290720000000e-001, 1.40704e+000
-2.288160000000e-001, 1.40704e+000
-2.285600000000e-001, 1.40704e+000
-2.283040000000e-001, 1.20603e+000
-2.280480000000e-001, 1.40704e+000
-2.277920000000e-001, 1.20603e+000
-2.275360000000e-001, 1.20603e+000
-2.272800000000e-001, 1.20603e+000
-2.270240000000e-001, 1.40704e+000
-2.267680000000e-001, 1.00503e+000
-2.265120000000e-001, 1.20603e+000
-2.262560000000e-001, 1.20603e+000
-2.260000000000e-001, 1.00503e+000
-2.257440000000e-001, 1.20603e+000
-2.254880000000e-001, 1.00503e+000
-2.252320000000e-001, 8.04020e-001
-2.249760000000e-001, 8.04020e-001
-2.247200000000e-001, 8.04020e-001
-2.244640000000e-001, 1.00503e+000
-2.242080000000e-001, 8.04020e-001
-2.239520000000e-001, 1.00503e+000
-2.236960000000e-001, 8.04020e-001
-2.234400000000e-001, 1.00503e+000
-2.231840000000e-001, 1.00503e+000
-2.229280000000e-001, 1.00503e+000
-2.226720000000e-001, 6.03015e-001
-2.224160000000e-001, 6.03015e-001
-2.221600000000e-001, 1.00503e+000
-2.219040000000e-001, 6.03015e-001
-2.216480000000e-001, 6.03015e-001
-2.213920000000e-001, 8.04020e-001
-2.211360000000e-001, 6.03015e-001
-2.208800000000e-001, 6.03015e-001
-2.206240000000e-001, 4.02010e-001
-2.203680000000e-001, 6.03015e-001
-2.201120000000e-001, 6.03015e-001
-2.198560000000e-001, 6.03015e-001
-2.196000000000e-001, 6.03015e-001
-2.193440000000e-001, 6.03015e-001
-2.190880000000e-001, 4.02010e-001
-2.188320000000e-001, 4.02010e-001
-2.185760000000e-001, 4.02010e-001
-2.183200000000e-001, 4.02010e-001
-2.180640000000e-001, 4.02010e-001
-2.178080000000e-001, 4.02010e-001
-2.175520000000e-001, 2.01005e-001
-2.172960000000e-001, 2.01005e-001
-2.170400000000e-001, 2.01005e-001
-2.167840000000e-001, 2.01005e-001
-2.165280000000e-001, 2.01005e-001
-2.162720000000e-001, 2.01005e-001
-2.160160000000e-001, 2.01005e-001
-2.157600000000e-001, 0.00000e+000
-2.155040000000e-001, 2.01005e-001
-2.152480000000e-001, 2.01005e-001
-2.149920000000e-001, 0.00000e+000
-2.147360000000e-001, 0.00000e+000
-2.144800000000e-001, 2.01005e-001
-2.142240000000e-001,-2.01005e-001
-2.139680000000e-001, 0.00000e+000
-2.137120000000e-001, 0.00000e+000
-2.134560000000e-001,-2.01005e-001
-2.132000000000e-001, 0.00000e+000
-2.129440000000e-001, 0.00000e+000
-2.126880000000e-001, 0.00000e+000
-2.124320000000e-001, 0.00000e+000
-2.121760000000e-001, 0.00000e+000
-2.119200000000e-001,-2.01005e-001
-2.116640000000e-001,-2.01005e-001
-2.114080000000e-001,-2.01005e-001
-2.111520000000e-001,-2.01005e-001
-2.108960000000e-001,-2.01005e-001
-2.106400000000e-001,-4.02010e-001
-2.103840000000e-001,-4.02010e-001
-2.101280000000e-001,-4.02010e-001
-2.098720000000e-001,-2.01005e-001
-2.096160000000e-001,-4.02010e-001
-2.093600000000e-001,-4.02010e-001
-2.091040000000e-001,-6.03015e-001
-2.088480000000e-001,-4.02010e-001
-2.085920000000e-001,-6.03015e-001
-2.083360000000e-001,-6.03015e-001
-2.080800000000e-001,-6.03015e-001
-2.078240000000e-001,-4.02010e-001
-2.075680000000e-001,-6.03015e-001
-2.073120000000e-001,-6.03015e-001
-2.070560000000e-001,-6.03015e-001
-2.068000000000e-001,-6.03015e-001
-2.065440000000e-001,-8.04020e-001
-2.062880000000e-001,-6.03015e-001
-2.060320000000e-001,-6.03015e-001
-2.057760000000e-001,-6.03015e-001
-2.055200000000e-001,-8.04020e-001
-2.052640000000e-001,-8.04020e-001
-2.050080000000e-001,-8.04020e-001
-2.047520000000e-001,-6.03015e-001
-2.044960000000e-001,-8.04020e-001
-2.042400000000e-001,-8.04020e-001
-2.039840000000e-001,-8.04020e-001
-2.037280000000e-001,-8.04020e-001
-2.034720000000e-001,-1.20603e+000
-2.032160000000e-001,-1.00503e+000
-2.029600000000e-001,-1.20603e+000
-2.027040000000e-001,-1.00503e+000
-2.024480000000e-001,-1.20603e+000
-2.021920000000e-001,-1.00503e+000
-2.019360000000e-001,-1.00503e+000
-2.016800000000e-001,-1.40704e+000
-2.014240000000e-001,-1.20603e+000
-2.011680000000e-001,-1.00503e+000
-2.009120000000e-001,-1.20603e+000
-2.006560000000e-001,-1.20603e+000
-2.004000000000e-001,-1.20603e+000
-2.001440000000e-001,-1.40704e+000
-1.998880000000e-001,-1.20603e+000
-1.996320000000e-001,-1.40704e+000
-1.993760000000e-001,-1.40704e+000
-1.991200000000e-001,-1.40704e+000
-1.988640000000e-001,-1.40704e+000
-1.986080000000e-001,-1.40704e+000
-1.983520000000e-001,-1.40704e+000
-1.980960000000e-001,-1.40704e+000
-1.978400000000e-001,-1.40704e+000
-1.975840000000e-001,-1.40704e+000
-1.973280000000e-001,-1.60804e+000
-1.970720000000e-001,-1.60804e+000
-1.968160000000e-001,-1.40704e+000
-1.965600000000e-001,-1.40704e+000
-1.963040000000e-001,-1.60804e+000
-1.960480000000e-001,-1.60804e+000
-1.957920000000e-001,-1.60804e+000
-1.955360000000e-001,-1.80905e+000
-1.952800000000e-001,-1.60804e+000
-1.950240000000e-001,-1.60804e+000
-1.947680000000e-001,-1.80905e+000
-1.945120000000e-001,-1.80905e+000
-1.942560000000e-001,-2.01005e+000
-1.940000000000e-001,-2.01005e+000
-1.937440000000e-001,-2.01005e+000
-1.934880000000e-001,-1.80905e+000
-1.932320000000e-001,-2.01005e+000
-1.929760000000e-001,-2.01005e+000
-1.927200000000e-001,-2.01005e+000
-1.924640000000e-001,-2.01005e+000
-1.922080000000e-001,-2.01005e+000
-1.919520000000e-001,-1.80905e+000
-1.916960000000e-001,-2.01005e+000
-1.914400000000e-001,-2.21106e+000
-1.911840000000e-001,-2.01005e+000
-1.909280000000e-001,-2.01005e+000
-1.906720000000e-001,-2.21106e+000
-1.904160000000e-001,-2.21106e+000
-1.901600000000e-001,-2.21106e+000
-1.899040000000e-001,-2.41206e+000
-1.896480000000e-001,-2.21106e+000
-1.893920000000e-001,-2.41206e+000
-1.891360000000e-001,-2.41206e+000
-1.888800000000e-001,-2.41206e+000
-1.886240000000e-001,-2.41206e+000
-1.883680000000e-001,-2.21106e+000
-1.881120000000e-001,-2.41206e+000
-1.878560000000e-001,-2.41206e+000
-1.876000000000e-001,-2.41206e+000
-1.873440000000e-001,-2.41206e+000
-1.870880000000e-001,-2.61307e+000
-1.868320000000e-001,-2.61307e+000
-1.865760000000e-001,-2.61307e+000
-1.863200000000e-001,-2.61307e+000
-1.860640000000e-001,-2.81407e+000
-1.858080000000e-001,-2.61307e+000
-1.855520000000e-001,-2.61307e+000
-1.852960000000e-001,-2.61307e+000
-1.850400000000e-001,-2.41206e+000
-1.847840000000e-001,-2.41206e+000
-1.845280000000e-001,-2.81407e+000
-1.842720000000e-001,-2.61307e+000
-1.840160000000e-001,-2.61307e+000
-1.837600000000e-001,-3.01508e+000
-1.835040000000e-001,-2.81407e+000
-1.832480000000e-001,-3.01508e+000
-1.829920000000e-001,-3.01508e+000
-1.827360000000e-001,-2.81407e+000
-1.824800000000e-001,-3.01508e+000
-1.822240000000e-001,-2.81407e+000
-1.819680000000e-001,-2.81407e+000
-1.817120000000e-001,-3.01508e+000
-1.814560000000e-001,-3.01508e+000
-1.812000000000e-001,-3.01508e+000
-1.809440000000e-001,-3.21608e+000
-1.806880000000e-001,-3.01508e+000
-1.804320000000e-001,-3.41709e+000
-1.801760000000e-001,-3.21608e+000
-1.799200000000e-001,-3.21608e+000
-1.796640000000e-001,-3.21608e+000
-1.794080000000e-001,-3.21608e+000
-1.791520000000e-001,-3.21608e+000
-1.788960000000e-001,-3.41709e+000
-1.786400000000e-001,-3.21608e+000
-1.783840000000e-001,-3.41709e+000
-1.781280000000e-001,-3.41709e+000
-1.778720000000e-001,-3.41709e+000
-1.776160000000e-001,-3.41709e+000
-1.773600000000e-001,-3.21608e+000
-1.771040000000e-001,-3.61809e+000
-1.768480000000e-001,-3.41709e+000
-1.765920000000e-001,-3.41709e+000
-1.763360000000e-001,-3.41709e+000
-1.760800000000e-001,-3.41709e+000
-1.758240000000e-001,-3.61809e+000
-1.755680000000e-001,-3.41709e+000
-1.753120000000e-001,-3.61809e+000
-1.750560000000e-001,-3.61809e+000
-1.748000000000e-001,-3.81910e+000
-1.745440000000e-001,-3.81910e+000
-1.742880000000e-001,-3.81910e+000
-1.740320000000e-001,-3.61809e+000
-1.737760000000e-001,-3.61809e+000
-1.735200000000e-001,-3.61809e+000
-1.732640000000e-001,-3.81910e+000
-1.730080000000e-001,-3.61809e+000
-1.727520000000e-001,-3.81910e+000
-1.724960000000e-001,-4.02010e+000
-1.722400000000e-001,-3.81910e+000
-1.719840000000e-001,-3.61809e+000
-1.717280000000e-001,-4.02010e+000
-1.714720000000e-001,-3.81910e+000
-1.712160000000e-001,-4.02010e+000
-1.709600000000e-001,-4.02010e+000
-1.707040000000e-001,-4.22111e+000
-1.704480000000e-001,-4.22111e+000
-1.701920000000e-001,-4.02010e+000
-1.699360000000e-001,-4.02010e+000
-1.696800000000e-001,-3.81910e+000
-1.694240000000e-001,-4.22111e+000
-1.691680000000e-001,-4.02010e+000
-1.689120000000e-001,-4.22111e+000
-1.686560000000e-001,-4.22111e+000
-1.684000000000e-001,-4.22111e+000
-1.681440000000e-001,-4.22111e+000
-1.678880000000e-001,-4.22111e+000
-1.676320000000e-001,-4.22111e+000
-1.673760000000e-001,-4.42211e+000
-1.671200000000e-001,-4.42211e+000
-1.668640000000e-001,-4.42211e+000
-1.666080000000e-001,-4.42211e+000
-1.663520000000e-001,-4.42211e+000
-1.660960000000e-001,-4.62312e+000
-1.658400000000e-001,-4.42211e+000
-1.655840000000e-001,-4.62312e+000
-1.653280000000e-001,-4.42211e+000
-1.650720000000e-001,-4.62312e+000
-1.648160000000e-001,-4.42211e+000
-1.645600000000e-001,-4.62312e+000
-1.643040000000e-001,-4.62312e+000
-1.640480000000e-001,-4.62312e+000
-1.637920000000e-001,-4.62312e+000
-1.635360000000e-001,-4.82412e+000
-1.632800000000e-001,-4.82412e+000
-1.630240000000e-001,-4.82412e+000
-1.627680000000e-001,-4.62312e+000
-1.625120000000e-001,-4.62312e+000
-1.622560000000e-001,-4.82412e+000
-1.620000000000e-001,-5.02513e+000
-1.617440000000e-001,-4.82412e+000
-1.614880000000e-001,-4.82412e+000
-1.612320000000e-001,-4.82412e+000
-1.609760000000e-001,-5.02513e+000
-1.607200000000e-001,-5.22613e+000
-1.604640000000e-001,-5.02513e+000
-1.602080000000e-001,-4.82412e+000
-1.599520000000e-001,-5.02513e+000
-1.596960000000e-001,-5.02513e+000
-1.594400000000e-001,-5.22613e+000
-1.591840000000e-001,-5.02513e+000
-1.589280000000e-001,-5.02513e+000
-1.586720000000e-001,-5.02513e+000
-1.584160000000e-001,-5.22613e+000
-1.581600000000e-001,-5.42714e+000
-1.579040000000e-001,-5.02513e+000
-1.576480000000e-001,-5.02513e+000
-1.573920000000e-001,-5.22613e+000
-1.571360000000e-001,-5.22613e+000
-1.568800000000e-001,-5.22613e+000
-1.566240000000e-001,-5.22613e+000
-1.563680000000e-001,-5.42714e+000
-1.561120000000e-001,-5.22613e+000
-1.558560000000e-001,-5.22613e+000
-1.556000000000e-001,-5.62814e+000
-1.553440000000e-001,-5.62814e+000
-1.550880000000e-001,-5.42714e+000
-1.548320000000e-001,-5.82915e+000
-1.545760000000e-001,-5.62814e+000
-1.543200000000e-001,-5.42714e+000
-1.540640000000e-001,-5.82915e+000
-1.538080000000e-001,-5.62814e+000
-1.535520000000e-001,-5.42714e+000
-1.532960000000e-001,-5.62814e+000
-1.530400000000e-001,-5.82915e+000
-1.527840000000e-001,-5.62814e+000
-1.525280000000e-001,-5.82915e+000
-1.522720000000e-001,-5.82915e+000
-1.520160000000e-001,-5.82915e+000
-1.517600000000e-001,-5.62814e+000
-1.515040000000e-001,-5.82915e+000
-1.512480000000e-001,-5.82915e+000
-1.509920000000e-001,-5.82915e+000
-1.507360000000e-001,-5.82915e+000
-1.504800000000e-001,-6.03015e+000
-1.502240000000e-001,-5.82915e+000
-1.499680000000e-001,-5.82915e+000
-1.497120000000e-001,-6.23116e+000
-1.494560000000e-001,-6.03015e+000
-1.492000000000e-001,-5.82915e+000
-1.489440000000e-001,-6.03015e+000
-1.486880000000e-001,-6.03015e+000
-1.484320000000e-001,-5.82915e+000
-1.481760000000e-001,-6.03015e+000
-1.479200000000e-001,-6.23116e+000
-1.476640000000e-001,-6.03015e+000
-1.474080000000e-001,-6.23116e+000
-1.471520000000e-001,-6.23116e+000
-1.468960000000e-001,-6.43216e+000
-1.466400000000e-001,-6.23116e+000
-1.463840000000e-001,-6.43216e+000
-1.461280000000e-001,-6.43216e+000
-1.458720000000e-001,-6.43216e+000
-1.456160000000e-001,-6.43216e+000
-1.453600000000e-001,-6.23116e+000
-1.451040000000e-001,-6.43216e+000
-1.448480000000e-001,-6.63317e+000
-1.445920000000e-001,-6.23116e+000
-1.443360000000e-001,-6.43216e+000
-1.440800000000e-001,-6.83417e+000
-1.438240000000e-001,-6.43216e+000
-1.435680000000e-001,-6.83417e+000
-1.433120000000e-001,-6.43216e+000
-1.430560000000e-001,-6.63317e+000
-1.428000000000e-001,-6.43216e+000
-1.425440000000e-001,-6.83417e+000
-1.422880000000e-001,-6.63317e+000
-1.420320000000e-001,-6.63317e+000
-1.417760000000e-001,-6.63317e+000
-1.415200000000e-001,-6.83417e+000
-1.412640000000e-001,-6.83417e+000
-1.410080000000e-001,-7.03518e+000
-1.407520000000e-001,-7.03518e+000
-1.404960000000e-001,-6.83417e+000
-1.402400000000e-001,-6.83417e+000
-1.399840000000e-001,-6.63317e+000
-1.397280000000e-001,-6.83417e+000
-1.394720000000e-001,-6.83417e+000
-1.392160000000e-001,-6.83417e+000
-1.389600000000e-001,-7.03518e+000
-1.387040000000e-001,-6.83417e+000
-1.384480000000e-001,-7.03518e+000
-1.381920000000e-001,-7.23618e+000
-1.379360000000e-001,-7.03518e+000
-1.376800000000e-001,-7.23618e+000
-1.374240000000e-001,-7.03518e+000
-1.371680000000e-001,-7.23618e+000
-1.369120000000e-001,-7.23618e+000
-1.366560000000e-001,-7.23618e+000
-1.364000000000e-001,-7.43719e+000
-1.361440000000e-001,-7.03518e+000
-1.358880000000e-001,-7.23618e+000
-1.356320000000e-001,-7.43719e+000
-1.353760000000e-001,-7.43719e+000
-1.351200000000e-001,-7.43719e+000
-1.348640000000e-001,-7.43719e+000
-1.346080000000e-001,-7.43719e+000
-1.343520000000e-001,-7.23618e+000
-1.340960000000e-001,-7.43719e+000
-1.338400000000e-001,-7.63819e+000
-1.335840000000e-001,-7.23618e+000
-1.333280000000e-001,-7.83920e+000
-1.330720000000e-001,-7.43719e+000
-1.328160000000e-001,-7.43719e+000
-1.325600000000e-001,-7.83920e+000
-1.323040000000e-001,-7.63819e+000
-1.320480000000e-001,-7.83920e+000
-1.317920000000e-001,-7.63819e+000
-1.315360000000e-001,-7.63819e+000
-1.312800000000e-001,-7.83920e+000
-1.310240000000e-001,-7.63819e+000
-1.307680000000e-001,-7.83920e+000
-1.305120000000e-001,-7.83920e+000
-1.302560000000e-001,-7.83920e+000
-1.300000000000e-001,-7.83920e+000
-1.297440000000e-001,-7.83920e+000
-1.294880000000e-001,-7.83920e+000
-1.292320000000e-001,-7.83920e+000
-1.289760000000e-001,-8.04020e+000
-1.287200000000e-001,-8.04020e+000
-1.284640000000e-001,-7.83920e+000
-1.282080000000e-001,-8.24121e+000
-1.279520000000e-001,-8.04020e+000
-1.276960000000e-001,-8.04020e+000
-1.274400000000e-001,-8.04020e+000
-1.271840000000e-001,-8.24121e+000
-1.269280000000e-001,-8.24121e+000
-1.266720000000e-001,-8.04020e+000
-1.264160000000e-001,-8.24121e+000
-1.261600000000e-001,-8.24121e+000
-1.259040000000e-001,-8.24121e+000
-1.256480000000e-001,-8.64322e+000
-1.253920000000e-001,-8.44221e+000
-1.251360000000e-001,-8.24121e+000
-1.248800000000e-001,-8.44221e+000
-1.246240000000e-001,-8.24121e+000
-1.243680000000e-001,-8.24121e+000
-1.241120000000e-001,-8.24121e+000
-1.238560000000e-001,-8.44221e+000
-1.236000000000e-001,-8.44221e+000
-1.233440000000e-001,-8.64322e+000
-1.230880000000e-001,-8.44221e+000
-1.228320000000e-001,-8.24121e+000
-1.225760000000e-001,-8.64322e+000
-1.223200000000e-001,-8.44221e+000
-1.220640000000e-001,-8.64322e+000
-1.218080000000e-001,-8.64322e+000
-1.215520000000e-001,-8.64322e+000
-1.212960000000e-001,-8.44221e+000
-1.210400000000e-001,-8.44221e+000
-1.207840000000e-001,-8.44221e+000
-1.205280000000e-001,-8.64322e+000
-1.202720000000e-001,-8.84422e+000
-1.200160000000e-001,-8.84422e+000
-1.197600000000e-001,-9.04523e+000
-1.195040000000e-001,-8.84422e+000
-1.192480000000e-001,-8.84422e+000
-1.189920000000e-001,-8.64322e+000
-1.187360000000e-001,-8.84422e+000
-1.184800000000e-001,-8.64322e+000
-1.182240000000e-001,-8.84422e+000
-1.179680000000e-001,-9.04523e+000
-1.177120000000e-001,-9.04523e+000
-1.174560000000e-001,-9.04523e+000
-1.172000000000e-001,-9.04523e+000
-1.169440000000e-001,-9.04523e+000
-1.166880000000e-001,-9.24623e+000
-1.164320000000e-001,-9.24623e+000
-1.161760000000e-001,-9.04523e+000
-1.159200000000e-001,-9.24623e+000
-1.156640000000e-001,-9.24623e+000
-1.154080000000e-001,-9.04523e+000
-1.151520000000e-001,-9.24623e+000
-1.148960000000e-001,-9.24623e+000
-1.146400000000e-001,-9.24623e+000
-1.143840000000e-001,-9.24623e+000
-1.141280000000e-001,-9.24623e+000
-1.138720000000e-001,-9.44724e+000
-1.136160000000e-001,-9.44724e+000
-1.133600000000e-001,-9.24623e+000
-1.131040000000e-001,-9.44724e+000
-1.128480000000e-001,-9.64824e+000
-1.125920000000e-001,-9.44724e+000
-1.123360000000e-001,-9.24623e+000
-1.120800000000e-001,-9.64824e+000
-1.118240000000e-001,-9.44724e+000
-1.115680000000e-001,-9.64824e+000
-1.113120000000e-001,-9.44724e+000
-1.110560000000e-001,-9.44724e+000
-1.108000000000e-001,-9.44724e+000
-1.105440000000e-001,-9.84925e+000
-1.102880000000e-001,-9.64824e+000
-1.100320000000e-001,-9.64824e+000
-1.097760000000e-001,-9.84925e+000
-1.095200000000e-001,-9.84925e+000
-1.092640000000e-001,-9.84925e+000
-1.090080000000e-001,-9.84925e+000
-1.087520000000e-001,-9.84925e+000
-1.084960000000e-001,-1.00503e+001
-1.082400000000e-001,-1.00503e+001
-1.079840000000e-001,-1.00503e+001
-1.077280000000e-001,-9.84925e+000
-1.074720000000e-001,-1.00503e+001
-1.072160000000e-001,-9.84925e+000
-1.069600000000e-001,-9.84925e+000
-1.067040000000e-001,-1.00503e+001
-1.064480000000e-001,-1.00503e+001
-1.061920000000e-001,-1.00503e+001
-1.059360000000e-001,-1.00503e+001
-1.056800000000e-001,-9.84925e+000
-1.054240000000e-001,-1.02513e+001
-1.051680000000e-001,-9.84925e+000
-1.049120000000e-001,-1.00503e+001
-1.046560000000e-001,-1.02513e+001
-1.044000000000e-001,-1.02513e+001
-1.041440000000e-001,-1.02513e+001
-1.038880000000e-001,-1.02513e+001
-1.036320000000e-001,-1.04523e+001
-1.033760000000e-001,-1.04523e+001
-1.031200000000e-001,-1.04523e+001
-1.028640000000e-001,-1.02513e+001
-1.026080000000e-001,-1.04523e+001
-1.023520000000e-001,-1.04523e+001
-1.020960000000e-001,-1.02513e+001
-1.018400000000e-001,-1.02513e+001
-1.015840000000e-001,-1.04523e+001
-1.013280000000e-001,-1.04523e+001
-1.010720000000e-001,-1.02513e+001
-1.008160000000e-001,-1.02513e+001
-1.005600000000e-001,-1.00503e+001
-1.003040000000e-001,-1.00503e+001
-1.000480000000e-001,-1.00503e+001
-9.979200000000e-002,-9.84925e+000
-9.953600000000e-002,-1.02513e+001
-9.928000000000e-002,-1.00503e+001
-9.902400000000e-002,-1.02513e+001
-9.876800000000e-002,-1.02513e+001
-9.851200000000e-002,-1.00503e+001
-9.825600000000e-002,-1.00503e+001
-9.800000000000e-002,-1.00503e+001
-9.774400000000e-002,-9.84925e+000
-9.748800000000e-002,-1.00503e+001
-9.723200000000e-002,-1.00503e+001
-9.697600000000e-002,-9.84925e+000
-9.672000000000e-002,-9.84925e+000
-9.646400000000e-002,-9.84925e+000
-9.620800000000e-002,-9.64824e+000
-9.595200000000e-002,-9.84925e+000
-9.569600000000e-002,-9.84925e+000
-9.544000000000e-002,-9.84925e+000
-9.518400000000e-002,-9.84925e+000
-9.492800000000e-002,-9.84925e+000
-9.467200000000e-002,-9.64824e+000
-9.441600000000e-002,-9.84925e+000
-9.416000000000e-002,-9.44724e+000
-9.390400000000e-002,-9.44724e+000
-9.364800000000e-002,-9.44724e+000
-9.339200000000e-002,-9.64824e+000
-9.313600000000e-002,-9.64824e+000
-9.288000000000e-002,-9.44724e+000
-9.262400000000e-002,-9.44724e+000
-9.236800000000e-002,-9.44724e+000
-9.211200000000e-002,-9.24623e+000
-9.185600000000e-002,-9.44724e+000
-9.160000000000e-002,-9.24623e+000
-9.134400000000e-002,-9.64824e+000
-9.108800000000e-002,-9.44724e+000
-9.083200000000e-002,-9.24623e+000
-9.057600000000e-002,-9.44724e+000
-9.032000000000e-002,-9.24623e+000
-9.006400000000e-002,-9.24623e+000
-8.980800000000e-002,-9.24623e+000
-8.955200000000e-002,-9.04523e+000
-8.929600000000e-002,-9.24623e+000
-8.904000000000e-002,-9.24623e+000
-8.878400000000e-002,-9.04523e+000
-8.852800000000e-002,-9.04523e+000
-8.827200000000e-002,-9.24623e+000
-8.801600000000e-002,-9.04523e+000
-8.776000000000e-002,-9.04523e+000
-8.750400000000e-002,-9.04523e+000
-8.724800000000e-002,-9.04523e+000
-8.699200000000e-002,-9.04523e+000
-8.673600000000e-002,-9.04523e+000
-8.648000000000e-002,-9.04523e+000
-8.622400000000e-002,-8.84422e+000
-8.596800000000e-002,-9.04523e+000
-8.571200000000e-002,-8.64322e+000
-8.545600000000e-002,-8.64322e+000
-8.520000000000e-002,-8.64322e+000
-8.494400000000e-002,-8.84422e+000
-8.468800000000e-002,-8.84422e+000
-8.443200000000e-002,-8.84422e+000
-8.417600000000e-002,-8.84422e+000
-8.392000000000e-002,-8.84422e+000
-8.366400000000e-002,-8.64322e+000
-8.340800000000e-002,-8.64322e+000
-8.315200000000e-002,-8.84422e+000
-8.289600000000e-002,-8.64322e+000
-8.264000000000e-002,-8.44221e+000
-8.238400000000e-002,-8.44221e+000
-8.212800000000e-002,-8.44221e+000
-8.187200000000e-002,-8.84422e+000
-8.161600000000e-002,-8.64322e+000
-8.136000000000e-002,-8.44221e+000
-8.110400000000e-002,-8.24121e+000
-8.084800000000e-002,-8.64322e+000
-8.059200000000e-002,-8.44221e+000
-8.033600000000e-002,-8.24121e+000
-8.008000000000e-002,-8.24121e+000
-7.982400000000e-002,-8.44221e+000
-7.956800000000e-002,-8.24121e+000
-7.931200000000e-002,-8.24121e+000
-7.905600000000e-002,-8.04020e+000
-7.880000000000e-002,-8.04020e+000
-7.854400000000e-002,-8.24121e+000
-7.828800000000e-002,-8.24121e+000
-7.803200000000e-002,-8.04020e+000
-7.777600000000e-002,-8.04020e+000
-7.752000000000e-002,-8.04020e+000
-7.726400000000e-002,-7.83920e+000
-7.700800000000e-002,-8.04020e+000
-7.675200000000e-002,-8.04020e+000
-7.649600000000e-002,-8.04020e+000
-7.624000000000e-002,-8.04020e+000
-7.598400000000e-002,-7.83920e+000
-7.572800000000e-002,-8.04020e+000
-7.547200000000e-002,-8.04020e+000
-7.521600000000e-002,-8.04020e+000
-7.496000000000e-002,-7.63819e+000
-7.470400000000e-002,-7.83920e+000
-7.444800000000e-002,-8.04020e+000
-7.419200000000e-002,-7.63819e+000
-7.393600000000e-002,-7.83920e+000
-7.368000000000e-002,-7.83920e+000
-7.342400000000e-002,-7.83920e+000
-7.316800000000e-002,-7.43719e+000
-7.291200000000e-002,-7.63819e+000
-7.265600000000e-002,-7.83920e+000
-7.240000000000e-002,-7.83920e+000
-7.214400000000e-002,-7.83920e+000
-7.188800000000e-002,-7.63819e+000
-7.163200000000e-002,-7.43719e+000
-7.137600000000e-002,-7.63819e+000
-7.112000000000e-002,-7.43719e+000
-7.086400000000e-002,-7.43719e+000
-7.060800000000e-002,-7.43719e+000
-7.035200000000e-002,-7.63819e+000
-7.009600000000e-002,-7.63819e+000
-6.984000000000e-002,-7.43719e+000
-6.958400000000e-002,-7.43719e+000
-6.932800000000e-002,-7.23618e+000
-6.907200000000e-002,-7.43719e+000
-6.881600000000e-002,-7.03518e+000
-6.856000000000e-002,-7.23618e+000
-6.830400000000e-002,-7.23618e+000
-6.804800000000e-002,-7.23618e+000
-6.779200000000e-002,-7.23618e+000
-6.753600000000e-002,-7.23618e+000
-6.728000000000e-002,-7.03518e+000
-6.702400000000e-002,-7.23618e+000
-6.676800000000e-002,-7.03518e+000
-6.651200000000e-002,-6.83417e+000
-6.625600000000e-002,-7.03518e+000
-6.600000000000e-002,-6.83417e+000
-6.574400000000e-002,-7.23618e+000
-6.548800000000e-002,-7.03518e+000
-6.523200000000e-002,-7.03518e+000
-6.497600000000e-002,-6.83417e+000
-6.472000000000e-002,-6.83417e+000
-6.446400000000e-002,-7.03518e+000
-6.420800000000e-002,-6.83417e+000
-6.395200000000e-002,-6.63317e+000
-6.369600000000e-002,-6.63317e+000
-6.344000000000e-002,-6.63317e+000
-6.318400000000e-002,-6.63317e+000
-6.292800000000e-002,-6.83417e+000
-6.267200000000e-002,-6.63317e+000
-6.241600000000e-002,-6.63317e+000
-6.216000000000e-002,-6.63317e+000
-6.190400000000e-002,-6.43216e+000
-6.164800000000e-002,-6.43216e+000
-6.139200000000e-002,-6.63317e+000
-6.113600000000e-002,-6.63317e+000
-6.088000000000e-002,-6.43216e+000
-6.062400000000e-002,-6.43216e+000
-6.036800000000e-002,-6.23116e+000
-6.011200000000e-002,-6.23116e+000
-5.985600000000e-002,-6.43216e+000
-5.960000000000e-002,-6.43216e+000
-5.934400000000e-002,-6.43216e+000
-5.908800000000e-002,-6.23116e+000
-5.883200000000e-002,-6.43216e+000
-5.857600000000e-002,-6.43216e+000
-5.832000000000e-002,-6.43216e+000
-5.806400000000e-002,-6.23116e+000
-5.780800000000e-002,-6.43216e+000
-5.755200000000e-002,-6.23116e+000
-5.729600000000e-002,-6.23116e+000
-5.704000000000e-002,-6.03015e+000
-5.678400000000e-002,-6.23116e+000
-5.652800000000e-002,-6.23116e+000
-5.627200000000e-002,-6.03015e+000
-5.601600000000e-002,-6.03015e+000
-5.576000000000e-002,-6.03015e+000
-5.550400000000e-002,-6.03015e+000
-5.524800000000e-002,-5.82915e+000
-5.499200000000e-002,-6.03015e+000
-5.473600000000e-002,-6.03015e+000
-5.448000000000e-002,-6.03015e+000
-5.422400000000e-002,-5.82915e+000
-5.396800000000e-002,-5.82915e+000
-5.371200000000e-002,-5.82915e+000
-5.345600000000e-002,-5.82915e+000
-5.320000000000e-002,-6.03015e+000
-5.294400000000e-002,-5.82915e+000
-5.268800000000e-002,-5.82915e+000
-5.243200000000e-002,-5.62814e+000
-5.217600000000e-002,-5.62814e+000
-5.192000000000e-002,-5.82915e+000
-5.166400000000e-002,-5.82915e+000
-5.140800000000e-002,-5.62814e+000
-5.115200000000e-002,-5.62814e+000
-5.089600000000e-002,-5.82915e+000
-5.064000000000e-002,-5.62814e+000
-5.038400000000e-002,-5.82915e+000
-5.012800000000e-002,-5.42714e+000
-4.987200000000e-002,-5.42714e+000
-4.961600000000e-002,-5.62814e+000
-4.936000000000e-002,-5.42714e+000
-4.910400000000e-002,-5.22613e+000
-4.884800000000e-002,-5.42714e+000
-4.859200000000e-002,-5.42714e+000
-4.833600000000e-002,-5.22613e+000
-4.808000000000e-002,-5.42714e+000
-4.782400000000e-002,-5.22613e+000
-4.756800000000e-002,-5.02513e+000
-4.731200000000e-002,-5.42714e+000
-4.705600000000e-002,-5.02513e+000
-4.680000000000e-002,-5.42714e+000
-4.654400000000e-002,-5.42714e+000
-4.628800000000e-002,-5.02513e+000
-4.603200000000e-002,-5.22613e+000
-4.577600000000e-002,-5.22613e+000
-4.552000000000e-002,-5.22613e+000
-4.526400000000e-002,-5.02513e+000
-4.500800000000e-002,-5.02513e+000
-4.475200000000e-002,-4.82412e+000
-4.449600000000e-002,-4.82412e+000
-4.424000000000e-002,-4.82412e+000
-4.398400000000e-002,-5.02513e+000
-4.372800000000e-002,-4.82412e+000
-4.347200000000e-002,-4.82412e+000
-4.321600000000e-002,-4.82412e+000
-4.296000000000e-002,-5.02513e+000
-4.270400000000e-002,-5.02513e+000
-4.244800000000e-002,-4.82412e+000
-4.219200000000e-002,-4.62312e+000
-4.193600000000e-002,-4.82412e+000
-4.168000000000e-002,-4.82412e+000
-4.142400000000e-002,-4.82412e+000
-4.116800000000e-002,-4.62312e+000
-4.091200000000e-002,-4.62312e+000
-4.065600000000e-002,-4.62312e+000
-4.040000000000e-002,-4.82412e+000
-4.014400000000e-002,-4.82412e+000
-3.988800000000e-002,-4.62312e+000
-3.963200000000e-002,-4.82412e+000
-3.937600000000e-002,-4.42211e+000
-3.912000000000e-002,-4.42211e+000
-3.886400000000e-002,-4.62312e+000
-3.860800000000e-002,-4.62312e+000
-3.835200000000e-002,-4.62312e+000
-3.809600000000e-002,-4.42211e+000
-3.784000000000e-002,-4.22111e+000
-3.758400000000e-002,-4.42211e+000
-3.732800000000e-002,-4.42211e+000
-3.707200000000e-002,-4.22111e+000
-3.681600000000e-002,-4.22111e+000
-3.656000000000e-002,-4.22111e+000
-3.630400000000e-002,-4.42211e+000
-3.604800000000e-002,-4.02010e+000
-3.579200000000e-002,-4.22111e+000
-3.553600000000e-002,-4.22111e+000
-3.528000000000e-002,-4.02010e+000
-3.502400000000e-002,-4.22111e+000
-3.476800000000e-002,-4.22111e+000
-3.451200000000e-002,-4.02010e+000
-3.425600000000e-002,-4.22111e+000
-3.400000000000e-002,-4.02010e+000
-3.374400000000e-002,-4.22111e+000
-3.348800000000e-002,-4.02010e+000
-3.323200000000e-002,-4.02010e+000
-3.297600000000e-002,-3.81910e+000
-3.272000000000e-002,-4.02010e+000
-3.246400000000e-002,-3.81910e+000
-3.220800000000e-002,-3.81910e+000
-3.195200000000e-002,-3.81910e+000
-3.169600000000e-002,-3.81910e+000
-3.144000000000e-002,-4.02010e+000
-3.118400000000e-002,-3.81910e+000
-3.092800000000e-002,-3.81910e+000
-3.067200000000e-002,-3.81910e+000
-3.041600000000e-002,-3.81910e+000
-3.016000000000e-002,-3.61809e+000
-2.990400000000e-002,-3.61809e+000
-2.964800000000e-002,-3.81910e+000
-2.939200000000e-002,-3.41709e+000
-2.913600000000e-002,-3.41709e+000
-2.888000000000e-002,-3.61809e+000
-2.862400000000e-002,-3.61809e+000
-2.836800000000e-002,-3.61809e+000
-2.811200000000e-002,-3.61809e+000
-2.785600000000e-002,-3.41709e+000
-2.760000000000e-002,-3.41709e+000
-2.734400000000e-002,-3.21608e+000
-2.708800000000e-002,-3.61809e+000
-2.683200000000e-002,-3.21608e+000
-2.657600000000e-002,-3.21608e+000
-2.632000000000e-002,-3.21608e+000
-2.606400000000e-002,-3.21608e+000
-2.580800000000e-002,-3.41709e+000
-2.555200000000e-002,-3.21608e+000
-2.529600000000e-002,-3.01508e+000
-2.504000000000e-002,-2.81407e+000
-2.478400000000e-002,-3.01508e+000
-2.452800000000e-002,-3.21608e+000
-2.427200000000e-002,-3.21608e+000
-2.401600000000e-002,-3.01508e+000
-2.376000000000e-002,-3.41709e+000
-2.350400000000e-002,-2.61307e+000
-2.324800000000e-002,-3.01508e+000
-2.299200000000e-002,-3.01508e+000
-2.273600000000e-002,-3.01508e+000
-2.248000000000e-002,-3.01508e+000
-2.222400000000e-002,-3.01508e+000
-2.196800000000e-002,-2.81407e+000
-2.171200000000e-002,-2.81407e+000
-2.145600000000e-002,-2.81407e+000
-2.120000000000e-002,-2.61307e+000
-2.094400000000e-002,-2.81407e+000
-2.068800000000e-002,-2.81407e+000
-2.043200000000e-002,-2.61307e+000
-2.017600000000e-002,-2.81407e+000
-1.992000000000e-002,-2.61307e+000
-1.966400000000e-002,-2.61307e+000
-1.940800000000e-002,-2.61307e+000
-1.915200000000e-002,-2.81407e+000
-1.889600000000e-002,-2.61307e+000
-1.864000000000e-002,-2.61307e+000
-1.838400000000e-002,-2.41206e+000
-1.812800000000e-002,-2.41206e+000
-1.787200000000e-002,-2.61307e+000
-1.761600000000e-002,-2.41206e+000
-1.736000000000e-002,-2.41206e+000
-1.710400000000e-002,-2.21106e+000
-1.684800000000e-002,-2.21106e+000
-1.659200000000e-002,-2.61307e+000
-1.633600000000e-002,-2.61307e+000
-1.608000000000e-002,-2.41206e+000
-1.582400000000e-002,-2.01005e+000
-1.556800000000e-002,-2.41206e+000
-1.531200000000e-002,-2.21106e+000
-1.505600000000e-002,-2.21106e+000
-1.480000000000e-002,-2.21106e+000
-1.454400000000e-002,-2.21106e+000
-1.428800000000e-002,-2.01005e+000
-1.403200000000e-002,-2.01005e+000
-1.377600000000e-002,-1.80905e+000
-1.352000000000e-002,-2.21106e+000
-1.326400000000e-002,-2.01005e+000
-1.300800000000e-002,-2.01005e+000
-1.275200000000e-002,-2.01005e+000
-1.249600000000e-002,-1.80905e+000
-1.224000000000e-002,-2.21106e+000
-1.198400000000e-002,-1.80905e+000
-1.172800000000e-002,-1.80905e+000
-1.147200000000e-002,-2.01005e+000
-1.121600000000e-002,-1.80905e+000
-1.096000000000e-002,-1.80905e+000
-1.070400000000e-002,-1.80905e+000
-1.044800000000e-002,-1.80905e+000
-1.019200000000e-002,-1.80905e+000
-9.936000000000e-003,-1.60804e+000
-9.680000000000e-003,-1.80905e+000
-9.424000000000e-003,-2.01005e+000
-9.168000000000e-003,-1.60804e+000
-8.912000000000e-003,-1.80905e+000
-8.656000000000e-003,-1.60804e+000
-8.400000000000e-003,-1.60804e+000
-8.144000000000e-003,-1.60804e+000
-7.888000000000e-003,-1.60804e+000
-7.632000000000e-003,-1.40704e+000
-7.376000000000e-003,-1.80905e+000
-7.120000000000e-003,-1.60804e+000
-6.864000000000e-003,-1.60804e+000
-6.608000000000e-003,-1.60804e+000
-6.352000000000e-003,-1.40704e+000
-6.096000000000e-003,-1.40704e+000
-5.840000000000e-003,-1.40704e+000
-5.584000000000e-003,-1.40704e+000
-5.328000000000e-003,-1.20603e+000
-5.072000000000e-003,-1.40704e+000
-4.816000000000e-003,-1.40704e+000
-4.560000000000e-003,-1.20603e+000
-4.304000000000e-003,-1.20603e+000
-4.048000000000e-003,-1.40704e+000
-3.792000000000e-003,-1.20603e+000
-3.536000000000e-003,-1.20603e+000
-3.280000000000e-003,-1.20603e+000
-3.024000000000e-003,-1.00503e+000
-2.768000000000e-003,-1.20603e+000
-2.512000000000e-003,-1.00503e+000
-2.256000000000e-003,-1.00503e+000
-2.000000000000e-003,-8.04020e-001
-1.744000000000e-003,-1.00503e+000
-1.488000000000e-003,-1.00503e+000
-1.232000000000e-003,-8.04020e-001
-9.760000000000e-004,-1.00503e+000
-7.200000000000e-004,-1.00503e+000
-4.640000000000e-004,-8.04020e-001
-2.080000000000e-004,-8.04020e-001
4.800000000005e-005,-8.04020e-001
3.040000000000e-004,-8.04020e-001
5.600000000000e-004,-1.00503e+000
8.160000000000e-004,-8.04020e-001
1.072000000000e-003,-8.04020e-001
1.328000000000e-003,-6.03015e-001
1.584000000000e-003,-6.03015e-001
1.840000000000e-003,-6.03015e-001
2.096000000000e-003,-6.03015e-001
2.352000000000e-003,-6.03015e-001
2.608000000000e-003,-6.03015e-001
2.864000000000e-003,-6.03015e-001
3.120000000000e-003,-6.03015e-001
3.376000000000e-003,-4.02010e-001
3.632000000000e-003,-4.02010e-001
3.888000000000e-003,-4.02010e-001
4.144000000000e-003,-4.02010e-001
4.400000000000e-003,-6.03015e-001
4.656000000000e-003,-4.02010e-001
4.912000000000e-003,-4.02010e-001
5.168000000000e-003,-2.01005e-001
5.424000000000e-003,-2.01005e-001
5.680000000000e-003,-2.01005e-001
5.936000000000e-003,-4.02010e-001
6.192000000000e-003,-2.01005e-001
6.448000000000e-003,-4.02010e-001
6.704000000000e-003,-4.02010e-001
6.960000000000e-003,-4.02010e-001
7.216000000000e-003,-2.01005e-001
7.472000000000e-003,-2.01005e-001
7.728000000000e-003, 0.00000e+000
7.984000000000e-003, 0.00000e+000
8.240000000000e-003,-2.01005e-001
8.496000000000e-003, 2.01005e-001
8.752000000000e-003,-2.01005e-001
9.008000000000e-003, 0.00000e+000
9.264000000000e-003,-2.01005e-001
9.520000000000e-003, 0.00000e+000
9.776000000000e-003, 0.00000e+000
1.003200000000e-002, 0.00000e+000
1.028800000000e-002, 0.00000e+000
1.054400000000e-002, 0.00000e+000
1.080000000000e-002, 4.02010e-001
1.105600000000e-002, 2.01005e-001
1.131200000000e-002, 2.01005e-001
1.156800000000e-002, 2.01005e-001
1.182400000000e-002, 2.01005e-001
1.208000000000e-002, 2.01005e-001
1.233600000000e-002, 4.02010e-001
1.259200000000e-002, 4.02010e-001
1.284800000000e-002, 2.01005e-001
1.310400000000e-002, 4.02010e-001
1.336000000000e-002, 4.02010e-001
1.361600000000e-002, 4.02010e-001
1.387200000000e-002, 4.02010e-001
1.412800000000e-002, 4.02010e-001
1.438400000000e-002, 4.02010e-001
1.464000000000e-002, 6.03015e-001
1.489600000000e-002, 6.03015e-001
1.515200000000e-002, 4.02010e-001
1.540800000000e-002, 6.03015e-001
1.566400000000e-002, 8.04020e-001
1.592000000000e-002, 8.04020e-001
1.617600000000e-002, 8.04020e-001
1.643200000000e-002, 8.04020e-001
1.668800000000e-002, 6.03015e-001
1.694400000000e-002, 6.03015e-001
1.720000000000e-002, 8.04020e-001
1.745600000000e-002, 8.04020e-001
1.771200000000e-002, 1.00503e+000
1.796800000000e-002, 8.04020e-001
1.822400000000e-002, 6.03015e-001
1.848000000000e-002, 8.04020e-001
1.873600000000e-002, 8.04020e-001
1.899200000000e-002, 8.04020e-001
1.924800000000e-002, 1.00503e+000
1.950400000000e-002, 8.04020e-001
1.976000000000e-002, 1.00503e+000
2.001600000000e-002, 1.00503e+000
2.027200000000e-002, 1.00503e+000
2.052800000000e-002, 1.00503e+000
2.078400000000e-002, 1.00503e+000
2.104000000000e-002, 1.20603e+000
2.129600000000e-002, 1.20603e+000
2.155200000000e-002, 1.20603e+000
2.180800000000e-002, 1.20603e+000
2.206400000000e-002, 1.20603e+000
2.232000000000e-002, 1.20603e+000
2.257600000000e-002, 1.20603e+000
2.283200000000e-002, 1.20603e+000
2.308800000000e-002, 1.20603e+000
2.334400000000e-002, 1.40704e+000
2.360000000000e-002, 1.40704e+000
2.385600000000e-002, 1.20603e+000
2.411200000000e-002, 1.20603e+000
2.436800000000e-002, 1.40704e+000
2.462400000000e-002, 1.40704e+000
2.488000000000e-002, 1.40704e+000
2.513600000000e-002, 1.60804e+000
2.539200000000e-002, 1.60804e+000
2.564800000000e-002, 1.60804e+000
2.590400000000e-002, 1.80905e+000
2.616000000000e-002, 1.60804e+000
2.641600000000e-002, 1.60804e+000
2.667200000000e-002, 1.60804e+000
2.692800000000e-002, 1.80905e+000
2.718400000000e-002, 1.80905e+000
2.744000000000e-002, 1.80905e+000
2.769600000000e-002, 1.80905e+000
2.795200000000e-002, 1.80905e+000
2.820800000000e-002, 1.80905e+000
2.846400000000e-002, 1.60804e+000
2.872000000000e-002, 1.80905e+000
2.897600000000e-002, 1.80905e+000
2.923200000000e-002, 1.80905e+000
2.948800000000e-002, 1.60804e+000
2.974400000000e-002, 1.80905e+000
3.000000000000e-002, 1.80905e+000
3.025600000000e-002, 1.80905e+000
3.051200000000e-002, 1.80905e+000
3.076800000000e-002, 1.80905e+000
3.102400000000e-002, 2.01005e+000
3.128000000000e-002, 2.01005e+000
3.153600000000e-002, 2.01005e+000
3.179200000000e-002, 1.80905e+000
3.204800000000e-002, 2.01005e+000
3.230400000000e-002, 2.21106e+000
3.256000000000e-002, 2.21106e+000
3.281600000000e-002, 2.01005e+000
3.307200000000e-002, 2.21106e+000
3.332800000000e-002, 2.21106e+000
3.358400000000e-002, 2.41206e+000
3.384000000000e-002, 2.41206e+000
3.409600000000e-002, 2.41206e+000
3.435200000000e-002, 2.41206e+000
3.460800000000e-002, 2.21106e+000
3.486400000000e-002, 2.41206e+000
3.512000000000e-002, 2.41206e+000
3.537600000000e-002, 2.41206e+000
3.563200000000e-002, 2.41206e+000
3.588800000000e-002, 2.41206e+000
3.614400000000e-002, 2.41206e+000
3.640000000000e-002, 2.61307e+000
3.665600000000e-002, 2.61307e+000
3.691200000000e-002, 2.81407e+000
3.716800000000e-002, 2.61307e+000
3.742400000000e-002, 2.81407e+000
3.768000000000e-002, 2.61307e+000
3.793600000000e-002, 2.81407e+000
3.819200000000e-002, 2.81407e+000
3.844800000000e-002, 2.81407e+000
3.870400000000e-002, 2.61307e+000
3.896000000000e-002, 2.81407e+000
3.921600000000e-002, 2.61307e+000
3.947200000000e-002, 2.81407e+000
3.972800000000e-002, 2.61307e+000
3.998400000000e-002, 3.01508e+000
4.024000000000e-002, 2.81407e+000
4.049600000000e-002, 3.01508e+000
4.075200000000e-002, 3.21608e+000
4.100800000000e-002, 2.81407e+000
4.126400000000e-002, 2.81407e+000
4.152000000000e-002, 2.81407e+000
4.177600000000e-002, 3.01508e+000
4.203200000000e-002, 3.01508e+000
4.228800000000e-002, 3.21608e+000
4.254400000000e-002, 3.01508e+000
4.280000000000e-002, 3.21608e+000
4.305600000000e-002, 3.01508e+000
4.331200000000e-002, 3.21608e+000
4.356800000000e-002, 3.21608e+000
4.382400000000e-002, 3.21608e+000
4.408000000000e-002, 3.21608e+000
4.433600000000e-002, 3.21608e+000
4.459200000000e-002, 3.41709e+000
4.484800000000e-002, 3.21608e+000
4.510400000000e-002, 3.21608e+000
4.536000000000e-002, 3.41709e+000
4.561600000000e-002, 3.21608e+000
4.587200000000e-002, 3.41709e+000
4.612800000000e-002, 3.61809e+000
4.638400000000e-002, 3.41709e+000
4.664000000000e-002, 3.61809e+000
4.689600000000e-002, 3.61809e+000
4.715200000000e-002, 3.41709e+000
4.740800000000e-002, 3.61809e+000
4.766400000000e-002, 3.61809e+000
4.792000000000e-002, 3.41709e+000
4.817600000000e-002, 3.21608e+000
4.843200000000e-002, 3.61809e+000
4.868800000000e-002, 3.61809e+000
4.894400000000e-002, 3.81910e+000
4.920000000000e-002, 3.61809e+000
4.945600000000e-002, 3.61809e+000
4.971200000000e-002, 3.61809e+000
