x-axis,1,2
second,Volt,Volt
+53.8000E-03,,
+54.0500E-03,+3.8190955E+00,+312.2362E-03
+54.3000E-03,+3.8881910E+00,+308.5930E-03
+54.5500E-03,+3.9258794E+00,+306.1432E-03
+54.8000E-03,+4.0201005E+00,+299.5477E-03
+55.0500E-03,+4.0138191E+00,+282.0854E-03
+55.3000E-03,+4.0640704E+00,+248.5427E-03
+55.5500E-03,+4.0201005E+00,+161.5452E-03
+55.8000E-03,+3.9635679E+00,+36.7965E-03
+56.0500E-03,+4.0263819E+00,+127.1231E-03
+56.3000E-03,+4.1771357E+00,+232.6507E-03
+56.5500E-03,+4.0201005E+00,+274.9246E-03
+56.8000E-03,+4.0201005E+00,+294.0829E-03
+57.0500E-03,+4.2211056E+00,+304.1332E-03
+57.3000E-03,+4.0201005E+00,+309.7236E-03
+57.5500E-03,+4.0201005E+00,+314.1834E-03
+57.8000E-03,+4.2211056E+00,+314.7487E-03
+58.0500E-03,+4.2211056E+00,+318.1407E-03
+58.3000E-03,+4.2211056E+00,+317.7638E-03
+58.5500E-03,+4.2211056E+00,+318.3291E-03
+58.8000E-03,+4.2211056E+00,+319.6482E-03
+59.0500E-03,+4.2211056E+00,+320.2136E-03
+59.3000E-03,+4.2650754E+00,+320.2136E-03
+59.5500E-03,+4.2211056E+00,+322.2236E-03
+59.8000E-03,+4.2211056E+00,+322.2236E-03
+60.0500E-03,+4.4221106E+00,+320.2136E-03
+60.3000E-03,+4.4221106E+00,+320.2136E-03
+60.5500E-03,+4.3153267E+00,+322.2236E-03
+60.8000E-03,+4.4221106E+00,+322.2236E-03
+61.0500E-03,+4.6105528E+00,+320.2136E-03
+61.3000E-03,+4.4221106E+00,+322.6633E-03
+61.5500E-03,+4.7298995E+00,+323.2915E-03
+61.8000E-03,+4.4786433E+00,+320.2136E-03
+62.0500E-03,+4.6231156E+00,+322.2236E-03
+62.3000E-03,+4.6231156E+00,+320.6533E-03
+62.5500E-03,+4.5163317E+00,+321.2814E-03
+62.8000E-03,+4.6796483E+00,+322.2236E-03
+63.0500E-03,+4.6168342E+00,+322.2236E-03
+63.3000E-03,+4.6231156E+00,+320.6533E-03
+63.5500E-03,+4.7298995E+00,+323.2915E-03
+63.8000E-03,+4.6231156E+00,+320.7789E-03
+64.0500E-03,+4.8178392E+00,+322.1608E-03
+64.3000E-03,+4.6670855E+00,+323.7940E-03
+64.5500E-03,+4.6231156E+00,+323.2915E-03
+64.8000E-03,+4.8241206E+00,+321.3442E-03
+65.0500E-03,+4.6293970E+00,+322.2236E-03
+65.3000E-03,+4.8241206E+00,+320.6533E-03
+65.5500E-03,+4.8366835E+00,+322.3492E-03
+65.8000E-03,+4.7675880E+00,+323.6683E-03
+66.0500E-03,+4.8241206E+00,+320.3392E-03
+66.3000E-03,+4.8241206E+00,+322.2236E-03
+66.5500E-03,+4.9183417E+00,+322.0980E-03
+66.8000E-03,+4.9685930E+00,+320.7789E-03
+67.0500E-03,+5.0125629E+00,+322.2864E-03
+67.3000E-03,+4.8680905E+00,+320.6533E-03
+67.5500E-03,+5.0251257E+00,+322.2236E-03
+67.8000E-03,+4.8806533E+00,+322.2236E-03
+68.0500E-03,+5.0188443E+00,+320.2136E-03
+68.3000E-03,+5.0251257E+00,+320.6533E-03
+68.5500E-03,+5.1193468E+00,+322.2236E-03
+68.8000E-03,+5.0251257E+00,+321.6583E-03
+69.0500E-03,+5.2261307E+00,+322.1608E-03
+69.3000E-03,+5.2261307E+00,+323.7940E-03
+69.5500E-03,+4.9309046E+00,+321.1558E-03
+69.8000E-03,+5.1695980E+00,+320.7789E-03
+70.0500E-03,+5.0314071E+00,+320.2764E-03
+70.3000E-03,+5.0690955E+00,+323.7940E-03
+70.5500E-03,+5.1193468E+00,+322.2236E-03
+70.8000E-03,+5.3706031E+00,+322.2236E-03
+71.0500E-03,+5.4208543E+00,+322.2236E-03
+71.3000E-03,+5.2261307E+00,+322.2236E-03
+71.5500E-03,+5.3329146E+00,+322.2236E-03
+71.8000E-03,+5.4836684E+00,+323.1030E-03
+72.0500E-03,+5.0376885E+00,+322.1608E-03
+72.3000E-03,+5.2261307E+00,+322.2236E-03
+72.5500E-03,+5.4271357E+00,+323.1658E-03
+72.8000E-03,+5.4271357E+00,+322.2236E-03
+73.0500E-03,+5.2324121E+00,+320.2764E-03
+73.3000E-03,+5.4711056E+00,+321.7839E-03
+73.5500E-03,+5.6281407E+00,+321.1558E-03
+73.8000E-03,+5.5716081E+00,+322.2236E-03
+74.0500E-03,+5.6281407E+00,+322.2864E-03
+74.3000E-03,+5.4271357E+00,+321.7839E-03
+74.5500E-03,+5.5213568E+00,+321.2814E-03
+74.8000E-03,+5.4836684E+00,+320.7789E-03
+75.0500E-03,+5.6344222E+00,+322.1608E-03
+75.3000E-03,+5.6281407E+00,+321.7839E-03
+75.5500E-03,+5.6155779E+00,+321.1558E-03
+75.8000E-03,+5.6281407E+00,+323.6683E-03
+76.0500E-03,+5.6344222E+00,+324.1708E-03
+76.3000E-03,+5.8291458E+00,+320.2136E-03
+76.5500E-03,+5.8291458E+00,+323.1658E-03
+76.8000E-03,+5.7726131E+00,+324.2337E-03
+77.0500E-03,+5.6281407E+00,+324.2337E-03
+77.3000E-03,+5.8291458E+00,+322.2236E-03
+77.5500E-03,+5.8165830E+00,+324.2337E-03
+77.8000E-03,+5.6846734E+00,+321.3442E-03
+78.0500E-03,+5.8228644E+00,+324.1080E-03
+78.3000E-03,+6.0301508E+00,+321.3442E-03
+78.5500E-03,+5.8291458E+00,+322.2236E-03
+78.8000E-03,+5.9736181E+00,+321.6583E-03
+79.0500E-03,+6.0301508E+00,+322.2236E-03
+79.3000E-03,+5.8731156E+00,+322.2236E-03
+79.5500E-03,+5.9233669E+00,+321.1558E-03
+79.8000E-03,+5.8856784E+00,+321.6583E-03
+80.0500E-03,+5.8291458E+00,+322.1608E-03
+80.3000E-03,+6.1871860E+00,+321.7839E-03
+80.5500E-03,+5.8291458E+00,+322.2236E-03
+80.8000E-03,+6.1746232E+00,+320.7789E-03
+81.0500E-03,+6.0301508E+00,+320.2764E-03
+81.3000E-03,+6.2311558E+00,+322.6633E-03
+81.5500E-03,+6.0301508E+00,+322.2236E-03
+81.8000E-03,+6.0866835E+00,+322.2236E-03
+82.0500E-03,+6.2311558E+00,+322.2236E-03
+82.3000E-03,+6.2311558E+00,+321.0930E-03
+82.5500E-03,+6.2311558E+00,+321.2814E-03
+82.8000E-03,+6.2311558E+00,+322.2236E-03
+83.0500E-03,+6.2374372E+00,+322.1608E-03
+83.3000E-03,+6.1871860E+00,+320.6533E-03
+83.5500E-03,+6.4447237E+00,+322.2236E-03
+83.8000E-03,+6.2311558E+00,+320.2136E-03
+84.0500E-03,+6.2311558E+00,+322.2236E-03
+84.3000E-03,+6.4321609E+00,+321.7839E-03
+84.5500E-03,+6.2311558E+00,+321.1558E-03
+84.8000E-03,+6.4321609E+00,+322.2236E-03
+85.0500E-03,+6.6268845E+00,+320.2764E-03
+85.3000E-03,+6.4761307E+00,+322.2236E-03
+85.5500E-03,+6.5263820E+00,+322.2236E-03
+85.8000E-03,+6.3756282E+00,+322.2236E-03
+86.0500E-03,+6.8216081E+00,+320.2136E-03
+86.3000E-03,+6.2311558E+00,+322.6633E-03
+86.5500E-03,+6.6331659E+00,+322.2236E-03
+86.8000E-03,+6.6331659E+00,+322.2236E-03
+87.0500E-03,+6.6394473E+00,+322.2236E-03
+87.3000E-03,+6.5891960E+00,+321.7839E-03
+87.5500E-03,+6.6331659E+00,+321.1558E-03
+87.8000E-03,+6.8341709E+00,+320.7789E-03
+88.0500E-03,+6.6331659E+00,+322.1608E-03
+88.3000E-03,+6.4321609E+00,+322.6633E-03
+88.5500E-03,+6.7399498E+00,+322.2236E-03
+88.8000E-03,+6.8341709E+00,+320.7789E-03
+89.0500E-03,+6.6394473E+00,+324.1708E-03
+89.3000E-03,+6.6331659E+00,+322.2236E-03
+89.5500E-03,+6.8467337E+00,+322.2236E-03
+89.8000E-03,+6.7462312E+00,+322.2236E-03
+90.0500E-03,+6.8341709E+00,+322.2236E-03
+90.3000E-03,+6.8341709E+00,+322.2236E-03
+90.5500E-03,+6.8341709E+00,+321.1558E-03
+90.8000E-03,+6.9786433E+00,+320.2136E-03
+91.0500E-03,+7.0288945E+00,+322.2236E-03
+91.3000E-03,+6.8781408E+00,+322.2236E-03
+91.5500E-03,+6.9409548E+00,+322.2236E-03
+91.8000E-03,+6.9786433E+00,+322.2236E-03
+92.0500E-03,+7.0351759E+00,+322.2236E-03
+92.3000E-03,+6.9221106E+00,+320.6533E-03
+92.5500E-03,+7.1293970E+00,+322.2236E-03
+92.8000E-03,+7.0917086E+00,+322.2236E-03
+93.0500E-03,+6.8404523E+00,+322.2236E-03
+93.3000E-03,+7.1922111E+00,+322.6633E-03
+93.5500E-03,+6.9283920E+00,+322.3492E-03
+93.8000E-03,+7.0917086E+00,+320.7789E-03
+94.0500E-03,+7.2298996E+00,+322.1608E-03
+94.3000E-03,+7.0791458E+00,+322.2236E-03
+94.5500E-03,+7.1293970E+00,+322.2236E-03
+94.8000E-03,+7.1796483E+00,+321.6583E-03
+95.0500E-03,+7.2424624E+00,+320.2136E-03
+95.3000E-03,+7.0351759E+00,+320.6533E-03
+95.5500E-03,+7.2361810E+00,+321.1558E-03
+95.8000E-03,+7.3806533E+00,+320.7789E-03
+96.0500E-03,+7.2361810E+00,+320.2764E-03
+96.3000E-03,+7.3932161E+00,+320.2136E-03
+96.5500E-03,+7.3429649E+00,+320.2136E-03
+96.8000E-03,+7.4937187E+00,+322.2236E-03
+97.0500E-03,+7.4371860E+00,+322.2864E-03
+97.3000E-03,+7.2801508E+00,+320.2136E-03
+97.5500E-03,+7.4371860E+00,+322.2236E-03
+97.8000E-03,+7.5816584E+00,+322.2236E-03
+98.0500E-03,+7.2361810E+00,+320.2764E-03
+98.3000E-03,+7.6821609E+00,+320.6533E-03
+98.5500E-03,+7.4371860E+00,+322.2236E-03
+98.8000E-03,+7.6381910E+00,+321.6583E-03
+99.0500E-03,+7.6381910E+00,+320.2764E-03
+99.3000E-03,+7.5942212E+00,+320.6533E-03
+99.5500E-03,+7.6381910E+00,+323.1658E-03
+99.8000E-03,+7.7826634E+00,+322.2236E-03
+100.0500E-03,+7.6381910E+00,+320.2764E-03
+100.3000E-03,+7.6381910E+00,+323.3543E-03
+100.5500E-03,+7.8391960E+00,+322.2236E-03
+100.8000E-03,+7.6381910E+00,+320.7789E-03
+101.0500E-03,+7.8391960E+00,+322.2236E-03
+101.3000E-03,+7.8391960E+00,+320.2136E-03
+101.5500E-03,+7.5439699E+00,+322.2236E-03
+101.8000E-03,+7.6381910E+00,+321.3442E-03
+102.0500E-03,+7.8329146E+00,+324.1708E-03
+102.3000E-03,+7.4811558E+00,+320.2136E-03
+102.5500E-03,+7.4371860E+00,+322.2236E-03
+102.8000E-03,+7.4371860E+00,+322.2236E-03
+103.0500E-03,+7.4371860E+00,+322.2236E-03
+103.3000E-03,+7.5942212E+00,+322.2236E-03
+103.5500E-03,+7.4371860E+00,+321.2814E-03
+103.8000E-03,+7.2927136E+00,+321.6583E-03
+104.0500E-03,+7.4371860E+00,+320.2764E-03
+104.3000E-03,+7.4371860E+00,+320.6533E-03
+104.5500E-03,+7.2361810E+00,+322.2236E-03
+104.8000E-03,+7.2361810E+00,+323.6683E-03
+105.0500E-03,+7.2424624E+00,+322.2236E-03
+105.3000E-03,+7.2361810E+00,+320.6533E-03
+105.5500E-03,+7.3429649E+00,+321.1558E-03
+105.8000E-03,+7.2361810E+00,+320.2136E-03
+106.0500E-03,+7.2361810E+00,+322.2236E-03
+106.3000E-03,+7.3932161E+00,+320.6533E-03
+106.5500E-03,+7.2236181E+00,+323.1658E-03
+106.8000E-03,+7.2361810E+00,+321.6583E-03
+107.0500E-03,+7.4246232E+00,+320.2764E-03
+107.3000E-03,+7.3932161E+00,+321.7839E-03
+107.5500E-03,+7.3304021E+00,+321.1558E-03
+107.8000E-03,+6.9786433E+00,+323.6683E-03
+108.0500E-03,+7.0414573E+00,+322.2236E-03
+108.3000E-03,+7.0351759E+00,+320.6533E-03
+108.5500E-03,+7.2361810E+00,+322.2236E-03
+108.8000E-03,+7.0917086E+00,+320.2136E-03
+109.0500E-03,+7.0351759E+00,+322.2236E-03
+109.3000E-03,+6.8781408E+00,+320.6533E-03
+109.5500E-03,+6.9409548E+00,+323.1658E-03
+109.8000E-03,+6.9786433E+00,+321.6583E-03
+110.0500E-03,+6.8404523E+00,+322.2864E-03
+110.3000E-03,+6.8341709E+00,+323.7940E-03
+110.5500E-03,+6.9283920E+00,+321.1558E-03
+110.8000E-03,+6.9786433E+00,+323.6683E-03
+111.0500E-03,+7.0226131E+00,+322.2236E-03
+111.3000E-03,+6.9912061E+00,+322.6633E-03
+111.5500E-03,+6.6331659E+00,+321.1558E-03
+111.8000E-03,+6.8341709E+00,+323.6683E-03
+112.0500E-03,+6.8278895E+00,+322.2236E-03
+112.3000E-03,+6.7902011E+00,+320.6533E-03
+112.5500E-03,+6.7273870E+00,+323.1658E-03
+112.8000E-03,+6.6896985E+00,+320.7789E-03
+113.0500E-03,+6.6331659E+00,+322.1608E-03
+113.3000E-03,+6.7902011E+00,+322.2236E-03
+113.5500E-03,+6.7399498E+00,+323.2915E-03
+113.8000E-03,+6.5766332E+00,+322.7889E-03
+114.0500E-03,+6.4384423E+00,+322.1608E-03
+114.3000E-03,+6.7902011E+00,+322.2236E-03
+114.5500E-03,+6.5389448E+00,+321.2814E-03
+114.8000E-03,+6.5766332E+00,+320.7789E-03
+115.0500E-03,+6.8216081E+00,+324.1708E-03
+115.3000E-03,+6.4321609E+00,+320.6533E-03
+115.5500E-03,+6.4321609E+00,+323.2915E-03
+115.8000E-03,+6.4321609E+00,+322.7889E-03
+116.0500E-03,+6.4258794E+00,+320.2764E-03
+116.3000E-03,+6.4761307E+00,+323.7940E-03
+116.5500E-03,+6.3379397E+00,+321.1558E-03
+116.8000E-03,+6.4321609E+00,+319.3342E-03
+117.0500E-03,+6.4258794E+00,+322.2236E-03
+117.3000E-03,+6.4321609E+00,+321.7839E-03
+117.5500E-03,+6.2311558E+00,+321.2814E-03
+117.8000E-03,+6.3756282E+00,+322.2236E-03
+118.0500E-03,+6.2374372E+00,+324.1708E-03
+118.3000E-03,+6.2311558E+00,+322.2236E-03
+118.5500E-03,+6.2311558E+00,+321.1558E-03
+118.8000E-03,+6.0866835E+00,+322.2236E-03
+119.0500E-03,+6.2311558E+00,+320.2136E-03
+119.3000E-03,+6.0301508E+00,+320.6533E-03
+119.5500E-03,+6.1243719E+00,+320.2136E-03
+119.8000E-03,+6.0866835E+00,+320.2136E-03
+120.0500E-03,+6.0301508E+00,+322.2236E-03
+120.3000E-03,+5.9170855E+00,+320.2136E-03
+120.5500E-03,+6.0301508E+00,+322.2236E-03
+120.8000E-03,+6.0301508E+00,+322.7889E-03
+121.0500E-03,+6.0364322E+00,+324.1708E-03
+121.3000E-03,+5.9861810E+00,+320.6533E-03
+121.5500E-03,+5.9233669E+00,+322.3492E-03
+121.8000E-03,+5.8856784E+00,+320.2136E-03
+122.0500E-03,+5.8354272E+00,+322.2236E-03
+122.3000E-03,+5.8731156E+00,+322.2236E-03
+122.5500E-03,+5.8291458E+00,+322.2236E-03
+122.8000E-03,+5.8291458E+00,+320.2136E-03
+123.0500E-03,+5.8228644E+00,+320.2136E-03
+123.3000E-03,+5.8291458E+00,+319.0829E-03
+123.5500E-03,+5.8291458E+00,+321.2814E-03
+123.8000E-03,+5.9736181E+00,+320.7789E-03
+124.0500E-03,+5.8228644E+00,+320.2764E-03
+124.3000E-03,+5.6281407E+00,+322.6633E-03
+124.5500E-03,+5.7349247E+00,+321.2814E-03
+124.8000E-03,+5.6846734E+00,+321.6583E-03
+125.0500E-03,+5.6281407E+00,+320.2764E-03
+125.3000E-03,+5.6281407E+00,+320.6533E-03
+125.5500E-03,+5.5339196E+00,+322.3492E-03
+125.8000E-03,+5.6281407E+00,+323.6683E-03
+126.0500E-03,+5.6281407E+00,+320.2764E-03
+126.3000E-03,+5.7851759E+00,+322.2236E-03
+126.5500E-03,+5.5339196E+00,+320.0879E-03
+126.8000E-03,+5.6281407E+00,+322.2236E-03
+127.0500E-03,+5.4271357E+00,+322.2236E-03
+127.3000E-03,+5.4711056E+00,+321.7839E-03
+127.5500E-03,+5.4271357E+00,+321.1558E-03
+127.8000E-03,+5.5716081E+00,+321.6583E-03
+128.0500E-03,+5.2261307E+00,+320.2764E-03
+128.3000E-03,+5.4271357E+00,+322.2236E-03
+128.5500E-03,+5.3203518E+00,+322.0980E-03
+128.8000E-03,+5.3706031E+00,+320.7789E-03
+129.0500E-03,+5.4271357E+00,+320.2764E-03
+129.3000E-03,+5.2701005E+00,+322.6633E-03
+129.5500E-03,+5.3203518E+00,+322.2236E-03
+129.8000E-03,+5.2261307E+00,+321.3442E-03
+130.0500E-03,+5.2261307E+00,+322.2864E-03
+130.3000E-03,+5.2701005E+00,+320.6533E-03
+130.5500E-03,+5.2261307E+00,+321.1558E-03
+130.8000E-03,+5.2261307E+00,+320.7789E-03
+131.0500E-03,+5.2261307E+00,+322.1608E-03
+131.3000E-03,+5.1821608E+00,+321.7839E-03
+131.5500E-03,+5.0251257E+00,+321.1558E-03
+131.8000E-03,+5.0816583E+00,+322.7889E-03
+132.0500E-03,+5.0251257E+00,+322.1608E-03
+132.3000E-03,+5.2261307E+00,+320.6533E-03
+132.5500E-03,+5.0251257E+00,+322.3492E-03
+132.8000E-03,+4.9685930E+00,+321.6583E-03
+133.0500E-03,+5.0188443E+00,+322.1608E-03
+133.3000E-03,+5.0251257E+00,+321.0930E-03
+133.5500E-03,+5.0251257E+00,+322.2236E-03
+133.8000E-03,+5.0251257E+00,+322.2236E-03
+134.0500E-03,+5.0251257E+00,+322.2236E-03
+134.3000E-03,+4.8241206E+00,+318.6432E-03
+134.5500E-03,+4.9183417E+00,+322.2236E-03
+134.8000E-03,+4.8241206E+00,+322.2236E-03
+135.0500E-03,+4.8241206E+00,+322.2236E-03
+135.3000E-03,+4.8241206E+00,+321.7839E-03
+135.5500E-03,+4.8241206E+00,+321.1558E-03
+135.8000E-03,+4.6796483E+00,+319.8995E-03
+136.0500E-03,+4.6231156E+00,+322.2236E-03
+136.3000E-03,+4.7801508E+00,+322.2236E-03
+136.5500E-03,+4.7298995E+00,+322.2236E-03
+136.8000E-03,+4.7675880E+00,+323.6683E-03
+137.0500E-03,+4.6293970E+00,+322.2236E-03
+137.3000E-03,+4.6231156E+00,+320.2136E-03
+137.5500E-03,+4.7298995E+00,+320.2136E-03
+137.8000E-03,+4.7675880E+00,+322.2236E-03
+138.0500E-03,+4.6168342E+00,+322.1608E-03
+138.3000E-03,+4.4660804E+00,+321.0930E-03
+138.5500E-03,+4.6105528E+00,+323.1658E-03
+138.8000E-03,+4.4221106E+00,+321.6583E-03
+139.0500E-03,+4.6168342E+00,+322.1608E-03
+139.3000E-03,+4.6231156E+00,+320.2136E-03
+139.5500E-03,+4.4221106E+00,+322.2236E-03
+139.8000E-03,+4.6231156E+00,+321.6583E-03
+140.0500E-03,+4.4221106E+00,+320.2764E-03
+140.3000E-03,+4.3090453E+00,+320.2136E-03
+140.5500E-03,+4.4221106E+00,+321.1558E-03
+140.8000E-03,+4.4221106E+00,+320.7789E-03
+141.0500E-03,+4.4221106E+00,+322.1608E-03
+141.3000E-03,+4.2211056E+00,+321.0930E-03
+141.5500E-03,+4.3153267E+00,+322.3492E-03
+141.8000E-03,+4.2211056E+00,+320.2136E-03
+142.0500E-03,+4.2211056E+00,+322.2236E-03
+142.3000E-03,+4.1771357E+00,+323.7940E-03
+142.5500E-03,+4.2211056E+00,+322.2236E-03
+142.8000E-03,+4.1645729E+00,+323.6683E-03
+143.0500E-03,+4.0326633E+00,+322.2236E-03
+143.3000E-03,+4.0640704E+00,+323.3543E-03
+143.5500E-03,+4.0201005E+00,+321.1558E-03
+143.8000E-03,+4.1645729E+00,+320.7789E-03
+144.0500E-03,+4.2148242E+00,+322.2864E-03
+144.3000E-03,+4.0640704E+00,+320.2136E-03
+144.5500E-03,+4.2211056E+00,+324.2337E-03
+144.8000E-03,+3.9635679E+00,+320.7789E-03
+145.0500E-03,+4.0138191E+00,+322.2236E-03
+145.3000E-03,+4.0201005E+00,+322.2236E-03
+145.5500E-03,+3.9133166E+00,+322.2236E-03
+145.8000E-03,+3.9635679E+00,+320.2136E-03
+146.0500E-03,+3.8190955E+00,+322.2236E-03
+146.3000E-03,+4.0201005E+00,+324.2337E-03
+146.5500E-03,+3.9133166E+00,+322.3492E-03
+146.8000E-03,+3.7625628E+00,+320.7789E-03
+147.0500E-03,+4.0138191E+00,+324.2337E-03
+147.3000E-03,+3.8190955E+00,+322.2236E-03
+147.5500E-03,+3.7248744E+00,+322.2236E-03
+147.8000E-03,+3.7625628E+00,+322.2236E-03
+148.0500E-03,+3.8190955E+00,+322.2864E-03
+148.3000E-03,+3.8190955E+00,+320.6533E-03
+148.5500E-03,+3.8190955E+00,+322.2236E-03
+148.8000E-03,+3.6746231E+00,+323.6683E-03
+149.0500E-03,+3.8128141E+00,+324.1708E-03
+149.3000E-03,+3.6620603E+00,+322.2236E-03
+149.5500E-03,+3.7123116E+00,+322.2236E-03
+149.8000E-03,+3.5615578E+00,+321.6583E-03
+150.0500E-03,+3.6180905E+00,+324.2337E-03
+150.3000E-03,+3.6180905E+00,+322.2236E-03
+150.5500E-03,+3.6180905E+00,+323.1658E-03
+150.8000E-03,+3.6180905E+00,+322.2236E-03
+151.0500E-03,+3.6180905E+00,+322.1608E-03
+151.3000E-03,+3.4170855E+00,+322.2236E-03
+151.5500E-03,+3.4170855E+00,+321.2814E-03
+151.8000E-03,+3.3605528E+00,+320.7789E-03
+152.0500E-03,+3.4170855E+00,+320.2764E-03
+152.3000E-03,+3.2600503E+00,+323.7940E-03
+152.5500E-03,+3.5238694E+00,+319.2713E-03
+152.8000E-03,+3.4170855E+00,+321.6583E-03
+153.0500E-03,+3.4170855E+00,+322.2236E-03
+153.3000E-03,+3.4170855E+00,+321.7839E-03
+153.5500E-03,+3.3103015E+00,+320.2136E-03
+153.8000E-03,+3.3605528E+00,+322.2236E-03
+154.0500E-03,+3.2160804E+00,+320.2764E-03
+154.3000E-03,+3.4170855E+00,+321.7839E-03
+154.5500E-03,+3.2160804E+00,+322.0980E-03
+154.8000E-03,+3.3605528E+00,+322.2236E-03
+155.0500E-03,+3.2160804E+00,+320.2764E-03
+155.3000E-03,+3.3291458E+00,+321.7839E-03
+155.5500E-03,+3.1218593E+00,+322.2236E-03
+155.8000E-03,+3.0716081E+00,+320.7789E-03
+156.0500E-03,+3.0276382E+00,+322.2236E-03
+156.3000E-03,+3.0150754E+00,+322.2236E-03
+156.5500E-03,+3.1218593E+00,+322.2236E-03
+156.8000E-03,+3.0716081E+00,+321.6583E-03
+157.0500E-03,+2.8203518E+00,+322.2236E-03
+157.3000E-03,+2.8580402E+00,+321.0930E-03
+157.5500E-03,+3.0150754E+00,+322.2236E-03
+157.8000E-03,+2.9585427E+00,+320.7789E-03
+158.0500E-03,+3.0087940E+00,+320.2764E-03
+158.3000E-03,+2.9711056E+00,+321.7839E-03
+158.5500E-03,+2.9082915E+00,+321.1558E-03
+158.8000E-03,+3.0150754E+00,+321.6583E-03
+159.0500E-03,+2.6256282E+00,+324.1708E-03
+159.3000E-03,+2.9711056E+00,+319.7739E-03
+159.5500E-03,+2.8015076E+00,+321.1558E-03
+159.8000E-03,+2.8140704E+00,+319.6482E-03
+160.0500E-03,+2.8140704E+00,+320.2764E-03
+160.3000E-03,+2.6130653E+00,+321.7839E-03
+160.5500E-03,+2.8140704E+00,+320.2136E-03
+160.8000E-03,+2.6695980E+00,+320.2136E-03
+161.0500E-03,+2.6130653E+00,+322.1608E-03
+161.3000E-03,+2.6130653E+00,+320.2136E-03
+161.5500E-03,+2.8140704E+00,+320.2136E-03
+161.8000E-03,+2.5565327E+00,+320.2136E-03
+162.0500E-03,+2.6130653E+00,+320.1507E-03
+162.3000E-03,+2.6130653E+00,+318.2035E-03
+162.5500E-03,+2.6130653E+00,+320.2136E-03
+162.8000E-03,+2.4685930E+00,+319.6482E-03
+163.0500E-03,+2.6130653E+00,+318.2663E-03
+163.3000E-03,+2.4120603E+00,+316.6332E-03
+163.5500E-03,+2.4120603E+00,+318.2035E-03
+163.8000E-03,+2.6130653E+00,+316.1935E-03
+164.0500E-03,+2.6067839E+00,+316.1306E-03
+164.3000E-03,+2.3680905E+00,+315.0628E-03
+164.5500E-03,+2.4120603E+00,+314.1834E-03
+164.8000E-03,+2.4120603E+00,+314.1834E-03
+165.0500E-03,+2.4120603E+00,+312.1105E-03
+165.3000E-03,+2.5690955E+00,+309.7236E-03
+165.5500E-03,+2.3178392E+00,+305.2010E-03
+165.8000E-03,+2.3555277E+00,+302.6884E-03
+166.0500E-03,+2.2110553E+00,+294.1457E-03
+166.3000E-03,+2.3680905E+00,+288.4925E-03
+166.5500E-03,+2.2110553E+00,+275.0502E-03
+166.8000E-03,+2.1231156E+00,+254.4472E-03
+167.0500E-03,+2.2173367E+00,+221.7839E-03
+167.3000E-03,+2.3680905E+00,+166.5703E-03
+167.5500E-03,+2.2110553E+00,+86.2312E-03
+167.8000E-03,+2.0100503E+00,+36.2312E-03
+168.0500E-03,+2.2110553E+00,+76.9975E-03
+168.3000E-03,+2.1670854E+00,+160.2889E-03
+168.5500E-03,+1.9032663E+00,+217.5754E-03
+168.8000E-03,+2.1545226E+00,+253.8819E-03
+169.0500E-03,+2.0100503E+00,+273.9824E-03
+169.3000E-03,+2.1231156E+00,+288.0528E-03
+169.5500E-03,+2.1042714E+00,+297.0352E-03
+169.8000E-03,+1.9535176E+00,+303.5678E-03
+170.0500E-03,+1.8090452E+00,+308.1533E-03
+170.3000E-03,+2.0100503E+00,+311.7337E-03
+170.5500E-03,+1.8090452E+00,+311.1055E-03
+170.8000E-03,+1.9535176E+00,+312.7387E-03
+171.0500E-03,+1.8153266E+00,+314.1834E-03
+171.3000E-03,+1.8090452E+00,+316.1935E-03
+171.5500E-03,+1.8090452E+00,+317.1357E-03
+171.8000E-03,+1.9535176E+00,+314.7487E-03
+172.0500E-03,+1.8153266E+00,+318.2663E-03
+172.3000E-03,+1.6080402E+00,+317.7638E-03
+172.5500E-03,+1.7022613E+00,+318.2035E-03
+172.8000E-03,+1.6080402E+00,+319.6482E-03
+173.0500E-03,+1.8090452E+00,+320.2136E-03
+173.3000E-03,+1.6080402E+00,+320.2136E-03
+173.5500E-03,+1.7022613E+00,+320.2136E-03
+173.8000E-03,+1.8655779E+00,+319.6482E-03
+174.0500E-03,+1.6080402E+00,+322.0980E-03
+174.3000E-03,+1.5640704E+00,+319.0829E-03
+174.5500E-03,+1.6080402E+00,+320.2136E-03
+174.8000E-03,+1.4070352E+00,+321.6583E-03
+175.0500E-03,+1.4133166E+00,+322.1608E-03
+175.3000E-03,+1.4510050E+00,+320.2136E-03
+175.5500E-03,+1.6080402E+00,+319.2713E-03
+175.8000E-03,+1.4635679E+00,+320.2136E-03
+176.0500E-03,+1.6017588E+00,+320.2136E-03
+176.3000E-03,+1.5201005E+00,+320.6533E-03
+176.5500E-03,+1.5012563E+00,+321.1558E-03
+176.8000E-03,+1.2625628E+00,+322.2236E-03
+177.0500E-03,+1.5954774E+00,+320.2764E-03
+177.3000E-03,+1.2060302E+00,+322.6633E-03
+177.5500E-03,+1.2060302E+00,+320.2136E-03
+177.8000E-03,+1.3505025E+00,+319.3342E-03
+178.0500E-03,+1.4070352E+00,+322.2864E-03
+178.3000E-03,+1.3630653E+00,+321.7839E-03
+178.5500E-03,+1.3128141E+00,+322.2236E-03
+178.8000E-03,+1.1494975E+00,+322.2236E-03
+179.0500E-03,+1.4007538E+00,+322.1608E-03
+179.3000E-03,+1.3190955E+00,+320.6533E-03
+179.5500E-03,+1.0992462E+00,+321.2814E-03
+179.8000E-03,+1.0615578E+00,+322.2236E-03
+180.0500E-03,+1.2123116E+00,+322.2236E-03
+180.3000E-03,+1.2060302E+00,+321.7839E-03
+180.5500E-03,+1.2060302E+00,+320.0879E-03
+180.8000E-03,+1.0050251E+00,+321.6583E-03
+181.0500E-03,+1.0113065E+00,+320.2764E-03
+181.3000E-03,+847.9900E-03,+321.7839E-03
+181.5500E-03,+1.2060302E+00,+322.2236E-03
+181.8000E-03,+917.0854E-03,+322.2236E-03
+182.0500E-03,+1.0050251E+00,+322.2236E-03
+182.3000E-03,+1.0050251E+00,+320.2136E-03
+182.5500E-03,+804.0201E-03,+321.2814E-03
+182.8000E-03,+1.0050251E+00,+321.6583E-03
+183.0500E-03,+1.0050251E+00,+324.2337E-03
+183.3000E-03,+1.0050251E+00,+322.2236E-03
+183.5500E-03,+898.2412E-03,+323.2915E-03
+183.8000E-03,+804.0201E-03,+323.6683E-03
+184.0500E-03,+998.7437E-03,+324.2337E-03
+184.3000E-03,+917.0854E-03,+322.2236E-03
+184.5500E-03,+804.0201E-03,+324.2337E-03
+184.8000E-03,+546.4824E-03,+323.1030E-03
+185.0500E-03,+797.7387E-03,+322.2236E-03
+185.3000E-03,+760.0503E-03,+320.2136E-03
+185.5500E-03,+697.2362E-03,+321.1558E-03
+185.8000E-03,+747.4874E-03,+322.2236E-03
+186.0500E-03,+603.0151E-03,+322.2236E-03
+186.3000E-03,+603.0151E-03,+322.2236E-03
+186.5500E-03,+697.2362E-03,+321.1558E-03
+186.8000E-03,+603.0151E-03,+320.7789E-03
+187.0500E-03,+603.0151E-03,+322.2236E-03
+187.3000E-03,+489.9498E-03,+322.2236E-03
+187.5500E-03,+508.7940E-03,+321.1558E-03
+187.8000E-03,+458.5427E-03,+320.7789E-03
+188.0500E-03,+402.0101E-03,+322.2236E-03
+188.3000E-03,+402.0101E-03,+323.7940E-03
+188.5500E-03,+508.7940E-03,+321.2814E-03
+188.8000E-03,+314.0704E-03,+320.7789E-03
+189.0500E-03,+402.0101E-03,+322.2236E-03
+189.3000E-03,+358.0402E-03,+320.2136E-03
+189.5500E-03,+402.0101E-03,+322.2236E-03
+189.8000E-03,+257.5377E-03,+322.2236E-03
+190.0500E-03,+395.7286E-03,+322.1608E-03
+190.3000E-03,+358.0402E-03,+321.7839E-03
+190.5500E-03,+496.2312E-03,+319.2713E-03
+190.8000E-03,+345.4774E-03,+319.6482E-03
+191.0500E-03,+395.7286E-03,+320.2136E-03
+191.3000E-03,+402.0101E-03,+320.2136E-03
+191.5500E-03,+201.0050E-03,+321.2814E-03
+191.8000E-03,+201.0050E-03,+322.2236E-03
+192.0500E-03,+6.2814E-03,+322.2236E-03
+192.3000E-03,+43.9698E-03,+320.6533E-03
+192.5500E-03,+201.0050E-03,+322.2236E-03
+192.8000E-03,+201.0050E-03,+322.7889E-03
+193.0500E-03,+6.2814E-03,+324.2337E-03
+193.3000E-03,+43.9698E-03,+322.2236E-03
+193.5500E-03,+94.2211E-03,+323.2915E-03
+193.8000E-03,+56.5327E-03,+324.2337E-03
+194.0500E-03,-6.2814E-03,+322.1608E-03
+194.3000E-03,+0.0E+00,+322.2236E-03
+194.5500E-03,+0.0E+00,+322.2236E-03
+194.8000E-03,-144.4724E-03,+322.2236E-03
+195.0500E-03,+6.2814E-03,+322.1608E-03
+195.3000E-03,-43.9698E-03,+322.2236E-03
+195.5500E-03,+94.2211E-03,+323.1658E-03
+195.8000E-03,+0.0E+00,+320.7789E-03
+196.0500E-03,-194.7236E-03,+324.1080E-03
+196.3000E-03,-43.9698E-03,+321.7839E-03
+196.5500E-03,-188.4422E-03,+323.2915E-03
+196.8000E-03,+0.0E+00,+322.2236E-03
+197.0500E-03,-201.0050E-03,+322.2236E-03
+197.3000E-03,-201.0050E-03,+322.2236E-03
+197.5500E-03,-307.7889E-03,+322.2236E-03
+197.8000E-03,-201.0050E-03,+321.6583E-03
+198.0500E-03,-201.0050E-03,+324.1708E-03
+198.3000E-03,-201.0050E-03,+322.2236E-03
+198.5500E-03,-307.7889E-03,+321.1558E-03
+198.8000E-03,-402.0101E-03,+322.2236E-03
+199.0500E-03,-395.7286E-03,+322.2236E-03
+199.3000E-03,-445.9799E-03,+321.0930E-03
+199.5500E-03,-414.5729E-03,+321.2814E-03
+199.8000E-03,-458.5427E-03,+321.0930E-03
+200.0500E-03,-596.7337E-03,+322.1608E-03
+200.3000E-03,-288.9447E-03,+320.6533E-03
+200.5500E-03,-295.2261E-03,+321.1558E-03
+200.8000E-03,-603.0151E-03,+321.6583E-03
+201.0500E-03,-609.2965E-03,+322.2864E-03
+201.3000E-03,-489.9498E-03,+320.2136E-03
+201.5500E-03,-804.0201E-03,+323.1658E-03
+201.8000E-03,-546.4824E-03,+322.2236E-03
+202.0500E-03,-596.7337E-03,+322.2236E-03
+202.3000E-03,-646.9849E-03,+321.7839E-03
+202.5500E-03,-603.0151E-03,+320.2136E-03
+202.8000E-03,-659.5477E-03,+321.0930E-03
+203.0500E-03,-596.7337E-03,+322.1608E-03
+203.3000E-03,-804.0201E-03,+320.2136E-03
+203.5500E-03,-910.8040E-03,+320.2136E-03
+203.8000E-03,-659.5477E-03,+321.6583E-03
+204.0500E-03,-804.0201E-03,+320.2764E-03
+204.3000E-03,-716.0804E-03,+319.7739E-03
+204.5500E-03,-804.0201E-03,+320.2136E-03
+204.8000E-03,-804.0201E-03,+320.7789E-03
+205.0500E-03,-804.0201E-03,+320.2136E-03
+205.3000E-03,-847.9900E-03,+318.6432E-03
+205.5500E-03,-791.4573E-03,+320.2136E-03
+205.8000E-03,-1.0050251E+00,+319.6482E-03
+206.0500E-03,-816.5829E-03,+320.2136E-03
+206.3000E-03,-961.0553E-03,+319.7739E-03
+206.5500E-03,-1.0050251E+00,+320.2136E-03
+206.8000E-03,-1.0050251E+00,+318.2035E-03
+207.0500E-03,-1.0113065E+00,+320.1507E-03
+207.3000E-03,-1.2060302E+00,+320.2136E-03
+207.5500E-03,-1.0050251E+00,+320.2136E-03
+207.8000E-03,-1.0615578E+00,+319.6482E-03
+208.0500E-03,-1.0050251E+00,+318.2035E-03
+208.3000E-03,-1.0489950E+00,+318.6432E-03
+208.5500E-03,-1.2060302E+00,+319.1457E-03
+208.8000E-03,-1.1494975E+00,+316.7588E-03
+209.0500E-03,-1.2060302E+00,+316.2563E-03
+209.3000E-03,-1.2500000E+00,+315.7538E-03
+209.5500E-03,-1.3002513E+00,+317.1357E-03
+209.8000E-03,-1.3505025E+00,+316.7588E-03
+210.0500E-03,-1.2060302E+00,+316.1935E-03
+210.3000E-03,-1.4070352E+00,+316.1935E-03
+210.5500E-03,-1.4070352E+00,+314.1834E-03
+210.8000E-03,-1.2625628E+00,+312.1734E-03
+211.0500E-03,-1.4070352E+00,+312.1105E-03
+211.3000E-03,-1.4070352E+00,+311.7337E-03
+211.5500E-03,-1.6206030E+00,+311.1055E-03
+211.8000E-03,-1.4070352E+00,+311.0427E-03
+212.0500E-03,-1.4070352E+00,+306.1432E-03
+212.3000E-03,-1.4070352E+00,+304.1332E-03
+212.5500E-03,-1.4070352E+00,+304.1332E-03
+212.8000E-03,-1.4070352E+00,+300.6784E-03
+213.0500E-03,-1.4133166E+00,+300.1759E-03
+213.3000E-03,-1.5640704E+00,+298.1030E-03
+213.5500E-03,-1.4070352E+00,+296.0930E-03
+213.8000E-03,-1.5515075E+00,+293.5176E-03
+214.0500E-03,-1.8090452E+00,+294.0201E-03
+214.3000E-03,-1.6080402E+00,+288.4925E-03
+214.5500E-03,-1.7022613E+00,+288.9950E-03
+214.8000E-03,-1.6645729E+00,+288.0528E-03
+215.0500E-03,-1.8027638E+00,+290.0000E-03
+215.3000E-03,-1.6520101E+00,+288.4925E-03
+215.5500E-03,-1.8090452E+00,+292.0729E-03
+215.8000E-03,-1.8090452E+00,+290.6281E-03
+216.0500E-03,-1.8153266E+00,+292.1357E-03
+216.3000E-03,-1.8090452E+00,+297.2236E-03
+216.5500E-03,-1.8090452E+00,+297.0352E-03
+216.8000E-03,-1.8969849E+00,+299.2337E-03
+217.0500E-03,-1.8153266E+00,+304.1332E-03
+217.3000E-03,-1.6520101E+00,+303.0025E-03
+217.5500E-03,-1.9158292E+00,+305.0754E-03
+217.8000E-03,-2.0100503E+00,+308.1533E-03
+218.0500E-03,-2.0037689E+00,+308.1533E-03
+218.3000E-03,-2.0100503E+00,+310.1633E-03
+218.5500E-03,-1.9158292E+00,+311.1055E-03
+218.8000E-03,-2.2675880E+00,+316.1935E-03
+219.0500E-03,-2.2110553E+00,+314.1834E-03
+219.3000E-03,-2.0100503E+00,+315.7538E-03
+219.5500E-03,-2.0100503E+00,+316.1935E-03
+219.8000E-03,-2.0979900E+00,+314.1834E-03
+220.0500E-03,-2.3994975E+00,+316.1935E-03
+220.3000E-03,-2.1670854E+00,+316.1935E-03
+220.5500E-03,-2.2110553E+00,+318.2035E-03
+220.8000E-03,-2.2110553E+00,+316.1935E-03
+221.0500E-03,-2.0163317E+00,+316.3191E-03
+221.3000E-03,-2.2110553E+00,+318.2035E-03
+221.5500E-03,-2.2110553E+00,+317.1357E-03
+221.8000E-03,-2.2675880E+00,+318.7688E-03
+222.0500E-03,-2.4057789E+00,+318.2035E-03
+222.3000E-03,-2.5251256E+00,+318.2035E-03
+222.5500E-03,-2.3052764E+00,+318.2035E-03
+222.8000E-03,-2.2675880E+00,+319.6482E-03
+223.0500E-03,-2.4057789E+00,+320.2136E-03
+223.3000E-03,-2.4120603E+00,+320.6533E-03
+223.5500E-03,-2.4120603E+00,+320.2136E-03
+223.8000E-03,-2.4120603E+00,+319.6482E-03
+224.0500E-03,-2.4120603E+00,+320.2136E-03
+224.3000E-03,-2.4120603E+00,+320.2136E-03
+224.5500E-03,-2.3178392E+00,+319.1457E-03
+224.8000E-03,-2.4120603E+00,+320.2136E-03
+225.0500E-03,-2.4183417E+00,+320.2136E-03
+225.3000E-03,-2.6130653E+00,+320.2136E-03
+225.5500E-03,-2.4120603E+00,+321.1558E-03
+225.8000E-03,-2.6130653E+00,+318.2035E-03
+226.0500E-03,-3.0025126E+00,+322.1608E-03
+226.3000E-03,-2.5690955E+00,+321.7839E-03
+226.5500E-03,-2.5062814E+00,+322.2236E-03
+226.8000E-03,-2.6130653E+00,+320.7789E-03
+227.0500E-03,-2.6130653E+00,+322.2236E-03
+227.3000E-03,-2.7701005E+00,+320.2136E-03
+227.5500E-03,-2.7072865E+00,+321.2814E-03
+227.8000E-03,-2.6695980E+00,+320.7789E-03
+228.0500E-03,-2.6130653E+00,+322.2236E-03
+228.3000E-03,-2.8140704E+00,+320.2136E-03
+228.5500E-03,-2.9082915E+00,+321.2814E-03
+228.8000E-03,-2.8706030E+00,+320.2136E-03
+229.0500E-03,-2.8077890E+00,+320.2764E-03
+229.3000E-03,-2.9271357E+00,+321.7839E-03
+229.5500E-03,-2.9208543E+00,+321.1558E-03
+229.8000E-03,-2.8706030E+00,+320.7789E-03
+230.0500E-03,-2.8140704E+00,+320.2764E-03
+230.3000E-03,-2.9711056E+00,+322.2236E-03
+230.5500E-03,-2.9208543E+00,+321.1558E-03
+230.8000E-03,-3.0150754E+00,+321.6583E-03
+231.0500E-03,-3.0150754E+00,+320.2764E-03
+231.3000E-03,-3.1281407E+00,+322.2236E-03
+231.5500E-03,-3.1218593E+00,+321.2814E-03
+231.8000E-03,-3.2160804E+00,+322.2236E-03
+232.0500E-03,-3.0150754E+00,+322.2236E-03
+232.3000E-03,-3.0150754E+00,+320.2136E-03
+232.5500E-03,-3.2160804E+00,+322.2236E-03
+232.8000E-03,-3.0150754E+00,+321.6583E-03
+233.0500E-03,-3.2097990E+00,+322.2236E-03
+233.3000E-03,-3.2160804E+00,+323.3543E-03
+233.5500E-03,-3.2160804E+00,+322.2236E-03
+233.8000E-03,-3.2160804E+00,+322.2236E-03
+234.0500E-03,-3.4108040E+00,+320.2764E-03
+234.3000E-03,-3.2600503E+00,+322.2236E-03
+234.5500E-03,-3.3228643E+00,+321.2814E-03
+234.8000E-03,-3.4170855E+00,+320.7789E-03
+235.0500E-03,-3.4108040E+00,+324.1708E-03
+235.3000E-03,-3.4861809E+00,+321.7839E-03
+235.5500E-03,-3.5238694E+00,+322.2236E-03
+235.8000E-03,-3.4736181E+00,+321.6583E-03
+236.0500E-03,-3.2286432E+00,+322.2236E-03
+236.3000E-03,-3.4170855E+00,+320.2136E-03
+236.5500E-03,-3.4170855E+00,+323.2915E-03
+236.8000E-03,-3.4170855E+00,+322.2236E-03
+237.0500E-03,-3.6180905E+00,+322.2236E-03
+237.3000E-03,-3.4610553E+00,+322.6633E-03
+237.5500E-03,-3.3103015E+00,+322.2236E-03
+237.8000E-03,-3.6180905E+00,+320.2136E-03
+238.0500E-03,-3.4233669E+00,+324.1708E-03
+238.3000E-03,-3.4610553E+00,+322.6633E-03
+238.5500E-03,-3.6180905E+00,+321.1558E-03
+238.8000E-03,-3.7625628E+00,+323.6683E-03
+239.0500E-03,-3.6118091E+00,+324.1708E-03
+239.3000E-03,-3.6620603E+00,+321.7839E-03
+239.5500E-03,-3.7123116E+00,+322.2236E-03
+239.8000E-03,-3.6746231E+00,+321.6583E-03
+240.0500E-03,-3.6180905E+00,+324.1080E-03
+240.3000E-03,-3.8630654E+00,+321.7839E-03
+240.5500E-03,-3.8190955E+00,+322.2236E-03
+240.8000E-03,-3.8190955E+00,+322.7889E-03
+241.0500E-03,-3.6243719E+00,+320.2764E-03
+241.3000E-03,-3.6620603E+00,+323.7940E-03
+241.5500E-03,-3.8190955E+00,+323.2915E-03
+241.8000E-03,-3.8190955E+00,+320.7789E-03
+242.0500E-03,-3.8128141E+00,+322.1608E-03
+242.3000E-03,-3.8630654E+00,+323.3543E-03
+242.5500E-03,-4.1268845E+00,+321.2814E-03
+242.8000E-03,-3.8756282E+00,+322.2236E-03
+243.0500E-03,-4.2148242E+00,+322.2236E-03
+243.3000E-03,-4.0201005E+00,+322.6633E-03
+243.5500E-03,-4.1268845E+00,+322.2236E-03
+243.8000E-03,-4.2211056E+00,+322.2236E-03
+244.0500E-03,-4.0263819E+00,+322.2236E-03
+244.3000E-03,-4.2650754E+00,+323.7940E-03
+244.5500E-03,-4.2211056E+00,+322.2236E-03
+244.8000E-03,-4.2211056E+00,+323.6683E-03
+245.0500E-03,-4.2148242E+00,+322.2236E-03
+245.3000E-03,-4.4221106E+00,+322.2236E-03
+245.5500E-03,-4.2211056E+00,+322.2236E-03
+245.8000E-03,-4.2211056E+00,+322.2236E-03
+246.0500E-03,-4.0263819E+00,+322.2236E-03
+246.3000E-03,-4.1771357E+00,+320.6533E-03
+246.5500E-03,-4.2211056E+00,+322.2236E-03
+246.8000E-03,-4.2776382E+00,+320.7789E-03
+247.0500E-03,-4.4158292E+00,+320.2764E-03
+247.3000E-03,-4.4660804E+00,+324.2337E-03
+247.5500E-03,-4.5288945E+00,+320.2136E-03
+247.8000E-03,-4.3655779E+00,+322.2236E-03
+248.0500E-03,-4.2273870E+00,+320.2764E-03
+248.3000E-03,-4.4221106E+00,+320.6533E-03
+248.5500E-03,-4.4221106E+00,+320.2136E-03
+248.8000E-03,-4.4221106E+00,+318.7688E-03
+249.0500E-03,-4.6168342E+00,+320.2136E-03
+249.3000E-03,-4.4221106E+00,+320.2136E-03
+249.5500E-03,-4.5288945E+00,+319.1457E-03
+249.8000E-03,-4.5665830E+00,+320.2136E-03
+250.0500E-03,-4.6231156E+00,+320.1507E-03
+250.3000E-03,-4.5791458E+00,+319.7739E-03
+250.5500E-03,-4.6231156E+00,+319.1457E-03
+250.8000E-03,-4.5665830E+00,+318.2035E-03
+251.0500E-03,-4.6231156E+00,+318.1407E-03
+251.3000E-03,-4.6670855E+00,+315.7538E-03
+251.5500E-03,-4.7298995E+00,+315.2512E-03
+251.8000E-03,-4.6796483E+00,+310.7286E-03
+252.0500E-03,-5.0188443E+00,+308.1533E-03
+252.3000E-03,-4.6670855E+00,+307.2739E-03
+252.5500E-03,-4.9309046E+00,+295.0251E-03
+252.8000E-03,-4.7675880E+00,+282.5879E-03
+253.0500E-03,-4.6293970E+00,+249.9874E-03
+253.3000E-03,-4.8241206E+00,+192.7010E-03
+253.5500E-03,-4.9309046E+00,+75.1131E-03
+253.8000E-03,-4.7675880E+00,+63.8065E-03
+254.0500E-03,-4.8304020E+00,+177.5000E-03
+254.3000E-03,-5.0251257E+00,+248.7311E-03
+254.5500E-03,-4.8241206E+00,+280.0126E-03
+254.8000E-03,-4.9685930E+00,+294.0829E-03
+255.0500E-03,-5.0251257E+00,+306.0176E-03
+255.3000E-03,-5.0251257E+00,+308.1533E-03
+255.5500E-03,-5.1193468E+00,+311.2311E-03
+255.8000E-03,-5.1381910E+00,+313.3040E-03
+256.0500E-03,-5.0188443E+00,+314.2462E-03
+256.3000E-03,-5.2261307E+00,+318.2035E-03
+256.5500E-03,-4.9309046E+00,+318.2035E-03
+256.8000E-03,-5.0251257E+00,+318.2035E-03
+257.0500E-03,-5.0251257E+00,+318.2663E-03
+257.3000E-03,-5.2261307E+00,+318.6432E-03
+257.5500E-03,-5.1193468E+00,+320.2136E-03
+257.8000E-03,-5.1695980E+00,+320.2136E-03
+258.0500E-03,-5.2261307E+00,+322.2236E-03
+258.3000E-03,-5.2261307E+00,+320.2136E-03
+258.5500E-03,-5.3329146E+00,+321.1558E-03
+258.8000E-03,-5.4271357E+00,+320.2136E-03
+259.0500E-03,-5.4145729E+00,+320.2764E-03
+259.3000E-03,-5.4271357E+00,+318.6432E-03
+259.5500E-03,-5.3203518E+00,+322.2236E-03
+259.8000E-03,-5.4271357E+00,+321.6583E-03
+260.0500E-03,-5.2386935E+00,+322.2236E-03
+260.3000E-03,-5.4271357E+00,+320.2136E-03
+260.5500E-03,-5.4271357E+00,+321.1558E-03
+260.8000E-03,-5.2826634E+00,+320.2136E-03
+261.0500E-03,-5.4271357E+00,+316.2563E-03
+261.3000E-03,-5.4711056E+00,+315.7538E-03
+261.5500E-03,-5.4271357E+00,+314.1834E-03
+261.8000E-03,-5.4271357E+00,+316.7588E-03
+262.0500E-03,-5.4334171E+00,+318.2663E-03
+262.3000E-03,-5.6281407E+00,+318.6432E-03
+262.5500E-03,-5.5213568E+00,+320.2136E-03
+262.8000E-03,-5.4271357E+00,+320.2136E-03
+263.0500E-03,-5.6281407E+00,+322.2236E-03
+263.3000E-03,-5.5150754E+00,+322.2236E-03
+263.5500E-03,-5.7349247E+00,+321.1558E-03
+263.8000E-03,-5.4836684E+00,+322.2236E-03
+264.0500E-03,-5.8291458E+00,+320.2764E-03
+264.3000E-03,-5.8291458E+00,+322.2236E-03
+264.5500E-03,-5.7223619E+00,+322.2236E-03
+264.8000E-03,-5.6281407E+00,+321.6583E-03
+265.0500E-03,-5.8291458E+00,+320.2764E-03
+265.3000E-03,-5.6721106E+00,+321.7839E-03
+265.5500E-03,-5.8291458E+00,+322.2236E-03
+265.8000E-03,-5.8856784E+00,+320.2136E-03
+266.0500E-03,-5.8354272E+00,+322.1608E-03
+266.3000E-03,-5.8291458E+00,+322.2236E-03
+266.5500E-03,-6.0301508E+00,+320.2136E-03
+266.8000E-03,-6.0866835E+00,+322.7889E-03
+267.0500E-03,-5.8354272E+00,+322.2236E-03
+267.3000E-03,-5.8731156E+00,+320.6533E-03
+267.5500E-03,-5.9359297E+00,+322.2236E-03
+267.8000E-03,-6.0301508E+00,+321.6583E-03
+268.0500E-03,-6.2248744E+00,+322.2236E-03
+268.3000E-03,-6.1871860E+00,+320.6533E-03
+268.5500E-03,-6.0301508E+00,+321.2814E-03
+268.8000E-03,-6.2311558E+00,+321.0930E-03
+269.0500E-03,-6.2248744E+00,+318.2663E-03
+269.3000E-03,-6.0741207E+00,+321.7839E-03
+269.5500E-03,-6.1369347E+00,+321.1558E-03
+269.8000E-03,-6.0301508E+00,+322.2236E-03
+270.0500E-03,-6.2311558E+00,+322.2236E-03
+270.3000E-03,-6.1871860E+00,+323.7940E-03
+270.5500E-03,-6.2311558E+00,+320.2136E-03
+270.8000E-03,-6.2311558E+00,+323.6683E-03
+271.0500E-03,-6.2374372E+00,+324.2337E-03
+271.3000E-03,-6.3881910E+00,+322.2236E-03
+271.5500E-03,-6.3253769E+00,+323.2915E-03
+271.8000E-03,-6.2311558E+00,+321.6583E-03
+272.0500E-03,-6.6206031E+00,+320.2136E-03
+272.3000E-03,-6.2751257E+00,+323.7940E-03
+272.5500E-03,-6.4447237E+00,+321.1558E-03
+272.8000E-03,-6.5201006E+00,+322.2236E-03
+273.0500E-03,-6.6206031E+00,+320.2136E-03
+273.3000E-03,-6.5452262E+00,+322.6633E-03
+273.5500E-03,-6.4321609E+00,+322.2236E-03
+273.8000E-03,-6.5452262E+00,+320.2136E-03
+274.0500E-03,-6.4384423E+00,+320.2136E-03
+274.3000E-03,-6.6331659E+00,+320.2136E-03
+274.5500E-03,-6.7273870E+00,+321.2814E-03
+274.8000E-03,-6.6331659E+00,+322.2236E-03
+275.0500E-03,-6.6268845E+00,+320.2764E-03
+275.3000E-03,-6.5891960E+00,+320.2136E-03
+275.5500E-03,-6.7399498E+00,+321.1558E-03
+275.8000E-03,-6.5766332E+00,+321.6583E-03
+276.0500E-03,-6.6331659E+00,+322.1608E-03
+276.3000E-03,-6.8341709E+00,+322.2236E-03
+276.5500E-03,-6.8341709E+00,+322.2236E-03
+276.8000E-03,-6.7776382E+00,+321.6583E-03
+277.0500E-03,-6.6457287E+00,+320.2136E-03
+277.3000E-03,-6.8341709E+00,+321.7839E-03
+277.5500E-03,-6.9409548E+00,+322.2236E-03
+277.8000E-03,-7.0351759E+00,+322.2236E-03
+278.0500E-03,-6.8404523E+00,+320.2136E-03
+278.3000E-03,-6.6771357E+00,+322.2236E-03
+278.5500E-03,-7.0351759E+00,+321.1558E-03
+278.8000E-03,-6.8907036E+00,+323.1030E-03
+279.0500E-03,-6.8341709E+00,+322.1608E-03
+279.3000E-03,-6.8341709E+00,+320.2136E-03
+279.5500E-03,-6.9409548E+00,+319.2713E-03
+279.8000E-03,-7.1231156E+00,+319.6482E-03
+280.0500E-03,-7.0351759E+00,+318.2663E-03
+280.3000E-03,-7.1922111E+00,+321.7839E-03
+280.5500E-03,-7.0351759E+00,+319.2713E-03
+280.8000E-03,-6.9472362E+00,+318.7688E-03
+281.0500E-03,-7.2298996E+00,+320.2136E-03
+281.3000E-03,-7.1922111E+00,+320.2136E-03
+281.5500E-03,-7.1419599E+00,+319.1457E-03
+281.8000E-03,-7.0351759E+00,+316.7588E-03
+282.0500E-03,-7.0477387E+00,+318.2035E-03
+282.3000E-03,-7.2361810E+00,+319.7739E-03
+282.5500E-03,-7.2361810E+00,+318.3291E-03
+282.8000E-03,-7.1796483E+00,+316.1935E-03
+283.0500E-03,-7.2361810E+00,+316.1935E-03
+283.3000E-03,-7.2361810E+00,+316.6332E-03
+283.5500E-03,-7.1293970E+00,+314.1834E-03
+283.8000E-03,-7.4371860E+00,+314.7487E-03
+284.0500E-03,-7.2424624E+00,+314.1834E-03
+284.3000E-03,-7.2801508E+00,+312.1734E-03
+284.5500E-03,-7.3304021E+00,+312.0477E-03
+284.8000E-03,-7.5251257E+00,+310.7286E-03
+285.0500E-03,-7.4371860E+00,+310.1005E-03
+285.3000E-03,-7.4371860E+00,+308.1533E-03
+285.5500E-03,-7.5439699E+00,+306.1432E-03
+285.8000E-03,-7.5251257E+00,+305.0126E-03
+286.0500E-03,-7.4371860E+00,+302.1859E-03
+286.3000E-03,-7.6821609E+00,+300.1131E-03
+286.5500E-03,-7.6381910E+00,+297.0352E-03
+286.8000E-03,-7.4937187E+00,+292.6382E-03
+287.0500E-03,-7.8266332E+00,+292.0100E-03
+287.3000E-03,-7.6821609E+00,+291.6332E-03
+287.5500E-03,-7.6507538E+00,+291.1306E-03
+287.8000E-03,-7.8391960E+00,+290.0628E-03
+288.0500E-03,-7.4434674E+00,+290.0628E-03
+288.3000E-03,-7.6381910E+00,+290.0628E-03
+288.5500E-03,-7.6256282E+00,+295.1507E-03
+288.8000E-03,-7.6947237E+00,+296.0930E-03
+289.0500E-03,-7.8391960E+00,+300.0502E-03
+289.3000E-03,-7.7952262E+00,+302.1231E-03
+289.5500E-03,-7.8391960E+00,+303.1909E-03
+289.8000E-03,-7.8391960E+00,+306.7085E-03
+290.0500E-03,-7.8391960E+00,+308.2161E-03
+290.3000E-03,-7.8391960E+00,+308.5930E-03
+290.5500E-03,-7.8517589E+00,+310.1633E-03
+290.8000E-03,-7.8957287E+00,+312.7387E-03
+291.0500E-03,-8.0339197E+00,+314.2462E-03
+291.3000E-03,-8.0402011E+00,+314.1834E-03
+291.5500E-03,-8.0402011E+00,+315.1256E-03
+291.8000E-03,-8.0967337E+00,+314.1834E-03
+292.0500E-03,-8.0402011E+00,+318.1407E-03
+292.3000E-03,-8.1532664E+00,+316.6332E-03
+292.5500E-03,-7.9459800E+00,+317.1357E-03
+292.8000E-03,-7.8391960E+00,+316.1935E-03
+293.0500E-03,-8.2349247E+00,+318.0779E-03
+293.3000E-03,-8.0402011E+00,+318.6432E-03
+293.5500E-03,-8.2412061E+00,+319.2713E-03
+293.8000E-03,-8.0967337E+00,+320.2136E-03
+294.0500E-03,-8.2412061E+00,+316.2563E-03
+294.3000E-03,-8.1972362E+00,+320.2136E-03
+294.5500E-03,-8.2412061E+00,+320.2136E-03
+294.8000E-03,-8.2412061E+00,+319.6482E-03
+295.0500E-03,-8.4422111E+00,+318.2035E-03
+295.3000E-03,-8.4422111E+00,+317.7638E-03
+295.5500E-03,-8.4422111E+00,+319.2713E-03
+295.8000E-03,-8.1846734E+00,+319.6482E-03
+296.0500E-03,-8.2412061E+00,+318.2035E-03
+296.3000E-03,-8.2412061E+00,+320.6533E-03
+296.5500E-03,-8.3354272E+00,+319.2713E-03
+296.8000E-03,-8.1846734E+00,+318.7688E-03
+297.0500E-03,-8.4359297E+00,+318.2663E-03
+297.3000E-03,-8.4422111E+00,+319.7739E-03
+297.5500E-03,-8.4422111E+00,+320.2136E-03
+297.8000E-03,-8.2412061E+00,+320.2136E-03
+298.0500E-03,-8.2412061E+00,+320.1507E-03
+298.3000E-03,-8.2851759E+00,+320.2136E-03
+298.5500E-03,-8.4422111E+00,+320.3392E-03
+298.8000E-03,-8.2977388E+00,+318.7688E-03
+299.0500E-03,-8.2474875E+00,+318.2663E-03
+299.3000E-03,-8.2851759E+00,+320.2136E-03
+299.5500E-03,-8.4422111E+00,+320.3392E-03
+299.8000E-03,-8.2412061E+00,+321.6583E-03
+300.0500E-03,-8.2474875E+00,+320.3392E-03
+300.3000E-03,-8.1972362E+00,+320.2136E-03
+300.5500E-03,-8.1344222E+00,+320.2136E-03
+300.8000E-03,-8.1846734E+00,+320.7789E-03
+301.0500E-03,-8.2412061E+00,+318.2663E-03
+301.3000E-03,-8.0402011E+00,+319.7739E-03
+301.5500E-03,-8.1344222E+00,+319.2713E-03
+301.8000E-03,-7.9522614E+00,+320.7789E-03
+302.0500E-03,-8.2412061E+00,+320.2136E-03
+302.3000E-03,-8.1972362E+00,+321.3442E-03
+302.5500E-03,-7.9334171E+00,+319.1457E-03
+302.8000E-03,-7.8957287E+00,+318.7688E-03
+303.0500E-03,-8.0402011E+00,+318.3291E-03
+303.3000E-03,-7.9962312E+00,+320.2136E-03
+303.5500E-03,-8.0527639E+00,+319.1457E-03
+303.8000E-03,-7.9836684E+00,+318.2035E-03
+304.0500E-03,-7.8391960E+00,+320.1507E-03
+304.3000E-03,-8.0402011E+00,+320.2136E-03
+304.5500E-03,-7.7449749E+00,+319.1457E-03
+304.8000E-03,-7.9836684E+00,+318.2035E-03
+305.0500E-03,-7.8329146E+00,+318.1407E-03
+305.3000E-03,-7.7952262E+00,+316.6332E-03
+305.5500E-03,-7.9334171E+00,+319.1457E-03
+305.8000E-03,-7.7826634E+00,+318.7688E-03
+306.0500E-03,-7.8391960E+00,+320.2136E-03
+306.3000E-03,-7.5942212E+00,+317.7638E-03
+306.5500E-03,-7.5314071E+00,+318.2035E-03
+306.8000E-03,-7.5816584E+00,+318.2035E-03
+307.0500E-03,-7.6381910E+00,+318.2035E-03
+307.3000E-03,-7.7952262E+00,+318.2035E-03
+307.5500E-03,-7.4497488E+00,+320.2136E-03
+307.8000E-03,-7.7261307E+00,+318.2035E-03
+308.0500E-03,-7.6381910E+00,+318.1407E-03
+308.3000E-03,-7.4811558E+00,+318.6432E-03
+308.5500E-03,-7.5314071E+00,+319.1457E-03
+308.8000E-03,-7.4371860E+00,+318.7688E-03
+309.0500E-03,-7.2424624E+00,+318.1407E-03
+309.3000E-03,-7.5942212E+00,+318.6432E-03
+309.5500E-03,-7.5439699E+00,+318.2035E-03
+309.8000E-03,-7.4937187E+00,+318.2035E-03
+310.0500E-03,-7.2424624E+00,+316.3191E-03
+310.3000E-03,-7.2801508E+00,+319.7739E-03
+310.5500E-03,-7.4371860E+00,+318.0779E-03
+310.8000E-03,-7.4371860E+00,+318.7688E-03
+311.0500E-03,-7.6319096E+00,+316.1935E-03
+311.3000E-03,-7.3932161E+00,+318.2035E-03
+311.5500E-03,-7.3304021E+00,+315.1256E-03
+311.8000E-03,-7.3806533E+00,+317.6382E-03
+312.0500E-03,-7.2361810E+00,+318.2035E-03
+312.3000E-03,-7.3932161E+00,+316.6332E-03
+312.5500E-03,-7.0351759E+00,+317.2613E-03
+312.8000E-03,-7.2361810E+00,+317.6382E-03
+313.0500E-03,-7.0477387E+00,+318.0779E-03
+313.3000E-03,-7.0351759E+00,+316.1935E-03
+313.5500E-03,-7.2361810E+00,+316.1935E-03
+313.8000E-03,-7.0351759E+00,+315.6281E-03
+314.0500E-03,-7.0351759E+00,+316.1935E-03
+314.3000E-03,-7.1922111E+00,+316.1935E-03
+314.5500E-03,-6.9283920E+00,+315.2512E-03
+314.8000E-03,-6.9786433E+00,+314.1834E-03
+315.0500E-03,-7.0288945E+00,+312.2362E-03
+315.3000E-03,-6.8341709E+00,+316.1935E-03
+315.5500E-03,-6.9409548E+00,+313.1156E-03
+315.8000E-03,-7.0351759E+00,+312.7387E-03
+316.0500E-03,-6.8341709E+00,+314.1834E-03
+316.3000E-03,-6.8341709E+00,+312.6131E-03
+316.5500E-03,-7.0351759E+00,+313.1156E-03
+316.8000E-03,-6.7776382E+00,+309.8492E-03
+317.0500E-03,-7.0288945E+00,+312.1734E-03
+317.3000E-03,-6.7902011E+00,+310.1633E-03
+317.5500E-03,-6.8341709E+00,+311.2311E-03
+317.8000E-03,-6.8341709E+00,+310.7286E-03
+318.0500E-03,-6.8341709E+00,+308.1533E-03
+318.3000E-03,-6.5640704E+00,+309.7236E-03
+318.5500E-03,-6.6331659E+00,+308.1533E-03
+318.8000E-03,-6.6331659E+00,+308.1533E-03
+319.0500E-03,-6.8278895E+00,+308.0904E-03
+319.3000E-03,-6.6771357E+00,+306.1432E-03
+319.5500E-03,-6.7399498E+00,+304.1332E-03
+319.8000E-03,-6.6896985E+00,+305.5779E-03
+320.0500E-03,-6.2437186E+00,+302.1231E-03
+320.3000E-03,-6.5891960E+00,+302.5628E-03
+320.5500E-03,-6.6457287E+00,+301.0553E-03
+320.8000E-03,-6.6331659E+00,+301.5578E-03
+321.0500E-03,-6.6331659E+00,+298.1658E-03
+321.3000E-03,-6.4321609E+00,+299.6734E-03
+321.5500E-03,-6.4321609E+00,+297.1608E-03
+321.8000E-03,-6.4321609E+00,+296.0930E-03
+322.0500E-03,-6.2437186E+00,+294.0829E-03
+322.3000E-03,-6.3881910E+00,+293.6432E-03
+322.5500E-03,-6.3253769E+00,+292.0729E-03
+322.8000E-03,-6.4321609E+00,+290.6281E-03
+323.0500E-03,-6.4321609E+00,+290.1256E-03
+323.3000E-03,-6.4321609E+00,+288.9322E-03
+323.5500E-03,-6.2311558E+00,+291.0050E-03
+323.8000E-03,-6.2876885E+00,+289.4975E-03
+324.0500E-03,-6.4321609E+00,+290.1256E-03
+324.3000E-03,-6.2751257E+00,+291.1935E-03
+324.5500E-03,-6.2311558E+00,+289.9372E-03
+324.8000E-03,-6.0866835E+00,+290.6281E-03
+325.0500E-03,-6.2248744E+00,+290.0628E-03
+325.3000E-03,-6.2311558E+00,+291.6332E-03
+325.5500E-03,-6.3379397E+00,+292.0729E-03
+325.8000E-03,-6.2311558E+00,+295.5276E-03
+326.0500E-03,-6.0364322E+00,+296.0930E-03
+326.3000E-03,-6.0741207E+00,+296.0930E-03
+326.5500E-03,-6.1243719E+00,+297.1608E-03
+326.8000E-03,-5.9736181E+00,+298.1030E-03
+327.0500E-03,-6.0301508E+00,+302.0603E-03
+327.3000E-03,-5.9861810E+00,+298.5427E-03
+327.5500E-03,-6.2311558E+00,+302.1231E-03
+327.8000E-03,-5.9736181E+00,+304.1332E-03
+328.0500E-03,-6.0301508E+00,+304.1332E-03
+328.3000E-03,-5.8731156E+00,+304.5729E-03
+328.5500E-03,-5.9233669E+00,+306.1432E-03
+328.8000E-03,-5.8856784E+00,+307.5879E-03
+329.0500E-03,-5.8291458E+00,+308.1533E-03
+329.3000E-03,-5.9861810E+00,+308.1533E-03
+329.5500E-03,-5.7349247E+00,+309.2211E-03
+329.8000E-03,-5.9736181E+00,+309.5980E-03
+330.0500E-03,-5.6407036E+00,+312.1105E-03
+330.3000E-03,-5.8291458E+00,+311.7337E-03
+330.5500E-03,-5.6281407E+00,+311.2311E-03
+330.8000E-03,-5.6281407E+00,+311.0427E-03
+331.0500E-03,-5.6281407E+00,+314.1834E-03
+331.3000E-03,-5.5150754E+00,+312.6131E-03
+331.5500E-03,-5.6281407E+00,+316.1935E-03
+331.8000E-03,-5.5716081E+00,+314.1834E-03
+332.0500E-03,-5.4271357E+00,+314.1834E-03
+332.3000E-03,-5.7412061E+00,+313.0528E-03
+332.5500E-03,-5.7349247E+00,+316.0678E-03
+332.8000E-03,-5.5716081E+00,+315.6281E-03
+333.0500E-03,-5.4271357E+00,+316.1935E-03
+333.3000E-03,-5.5841709E+00,+316.1935E-03
+333.5500E-03,-5.4271357E+00,+316.1935E-03
+333.8000E-03,-5.4271357E+00,+317.0729E-03
+334.0500E-03,-5.4208543E+00,+316.2563E-03
+334.3000E-03,-5.3140704E+00,+316.6332E-03
+334.5500E-03,-5.3203518E+00,+318.2035E-03
+334.8000E-03,-5.3706031E+00,+318.2035E-03
+335.0500E-03,-5.4208543E+00,+318.2035E-03
+335.3000E-03,-5.2261307E+00,+319.7739E-03
+335.5500E-03,-5.3329146E+00,+317.2613E-03
+335.8000E-03,-5.2261307E+00,+319.6482E-03
+336.0500E-03,-5.2324121E+00,+318.2035E-03
+336.3000E-03,-5.0690955E+00,+318.2035E-03
+336.5500E-03,-5.1193468E+00,+318.2035E-03
+336.8000E-03,-5.2261307E+00,+319.0829E-03
+337.0500E-03,-5.2261307E+00,+322.1608E-03
+337.3000E-03,-5.2261307E+00,+318.6432E-03
+337.5500E-03,-5.1193468E+00,+321.2814E-03
+337.8000E-03,-5.0251257E+00,+320.2136E-03
+338.0500E-03,-5.2261307E+00,+320.1507E-03
+338.3000E-03,-5.1821608E+00,+318.6432E-03
+338.5500E-03,-5.1193468E+00,+321.1558E-03
+338.8000E-03,-5.1695980E+00,+320.2136E-03
+339.0500E-03,-4.8366835E+00,+320.2136E-03
+339.3000E-03,-5.1821608E+00,+320.2136E-03
+339.5500E-03,-5.0251257E+00,+320.2136E-03
+339.8000E-03,-5.1695980E+00,+320.2136E-03
+340.0500E-03,-5.0251257E+00,+322.2236E-03
+340.3000E-03,-4.9811558E+00,+320.6533E-03
+340.5500E-03,-4.9183417E+00,+321.1558E-03
+340.8000E-03,-4.9685930E+00,+318.7688E-03
+341.0500E-03,-4.6356784E+00,+320.2136E-03
+341.3000E-03,-4.9811558E+00,+318.6432E-03
+341.5500E-03,-4.8241206E+00,+320.2136E-03
+341.8000E-03,-4.6796483E+00,+321.6583E-03
+342.0500E-03,-4.6293970E+00,+322.2236E-03
+342.3000E-03,-4.8680905E+00,+320.2136E-03
+342.5500E-03,-4.7173367E+00,+322.2236E-03
+342.8000E-03,-4.8241206E+00,+320.7789E-03
+343.0500E-03,-4.8304020E+00,+322.1608E-03
+343.3000E-03,-4.6231156E+00,+321.7839E-03
+343.5500E-03,-4.7173367E+00,+323.2915E-03
+343.8000E-03,-4.4786433E+00,+322.2236E-03
+344.0500E-03,-4.4346734E+00,+322.2236E-03
+344.3000E-03,-4.4221106E+00,+322.2236E-03
+344.5500E-03,-4.6231156E+00,+320.3392E-03
+344.8000E-03,-4.5665830E+00,+320.7789E-03
+345.0500E-03,-4.6231156E+00,+320.2764E-03
+345.3000E-03,-4.7801508E+00,+320.2136E-03
+345.5500E-03,-4.6231156E+00,+321.2814E-03
+345.8000E-03,-4.5665830E+00,+322.2236E-03
+346.0500E-03,-4.4221106E+00,+320.3392E-03
+346.3000E-03,-4.4221106E+00,+322.2236E-03
+346.5500E-03,-4.3278895E+00,+323.2915E-03
+346.8000E-03,-4.2776382E+00,+322.2236E-03
+347.0500E-03,-4.4158292E+00,+322.2236E-03
+347.3000E-03,-4.4221106E+00,+320.6533E-03
+347.5500E-03,-4.4221106E+00,+322.2236E-03
+347.8000E-03,-4.3341709E+00,+322.2236E-03
+348.0500E-03,-4.2273870E+00,+324.1708E-03
+348.3000E-03,-4.2211056E+00,+320.6533E-03
+348.5500E-03,-4.0201005E+00,+322.2236E-03
+348.8000E-03,-4.0766332E+00,+321.6583E-03
+349.0500E-03,-4.2273870E+00,+324.1708E-03
+349.3000E-03,-4.1771357E+00,+322.2236E-03
+349.5500E-03,-4.0201005E+00,+322.2236E-03
+349.8000E-03,-4.2211056E+00,+322.2236E-03
+350.0500E-03,-4.0138191E+00,+322.2236E-03
+350.3000E-03,-4.0640704E+00,+322.2236E-03
+350.5500E-03,-4.1143216E+00,+320.2136E-03
+350.8000E-03,-4.1645729E+00,+322.2236E-03
+351.0500E-03,-4.0201005E+00,+322.2236E-03
+351.3000E-03,-4.0201005E+00,+321.0930E-03
+351.5500E-03,-3.9258794E+00,+323.1658E-03
+351.8000E-03,-4.0201005E+00,+322.2236E-03
+352.0500E-03,-4.0201005E+00,+322.2236E-03
+352.3000E-03,-3.9761307E+00,+322.2236E-03
+352.5500E-03,-3.8190955E+00,+322.2236E-03
+352.8000E-03,-4.0201005E+00,+320.2136E-03
+353.0500E-03,-3.8253769E+00,+322.1608E-03
+353.3000E-03,-3.7751257E+00,+320.6533E-03
+353.5500E-03,-3.7123116E+00,+321.1558E-03
+353.8000E-03,-3.6746231E+00,+322.2236E-03
+354.0500E-03,-3.8190955E+00,+324.1708E-03
+354.3000E-03,-3.7751257E+00,+322.2236E-03
+354.5500E-03,-3.8190955E+00,+323.2915E-03
+354.8000E-03,-3.7625628E+00,+322.2236E-03
+355.0500E-03,-3.6180905E+00,+320.2764E-03
+355.3000E-03,-3.8190955E+00,+320.2136E-03
+355.5500E-03,-3.6180905E+00,+321.1558E-03
+355.8000E-03,-3.6746231E+00,+322.2236E-03
+356.0500E-03,-3.6180905E+00,+322.2864E-03
+356.3000E-03,-3.4610553E+00,+323.3543E-03
+356.5500E-03,-3.4170855E+00,+322.2236E-03
+356.8000E-03,-3.5615578E+00,+322.2236E-03
+357.0500E-03,-3.6118091E+00,+322.2236E-03
+357.3000E-03,-3.4610553E+00,+322.2236E-03
+357.5500E-03,-3.5113066E+00,+323.2915E-03
+357.8000E-03,-3.4736181E+00,+322.2236E-03
+358.0500E-03,-3.4170855E+00,+318.2663E-03
+358.3000E-03,-3.4170855E+00,+319.7739E-03
+358.5500E-03,-3.4170855E+00,+321.2814E-03
+358.8000E-03,-3.4170855E+00,+320.7789E-03
+359.0500E-03,-3.4170855E+00,+320.2764E-03
+359.3000E-03,-3.5301508E+00,+322.2236E-03
+359.5500E-03,-3.3228643E+00,+323.1658E-03
+359.8000E-03,-2.9836684E+00,+321.6583E-03
+360.0500E-03,-3.4170855E+00,+322.2236E-03
+360.3000E-03,-3.4170855E+00,+320.6533E-03
+360.5500E-03,-3.1092965E+00,+321.2814E-03
+360.8000E-03,-3.2160804E+00,+322.2236E-03
+361.0500E-03,-3.2097990E+00,+324.1708E-03
+361.3000E-03,-3.1721106E+00,+320.2136E-03
+361.5500E-03,-3.0150754E+00,+322.2236E-03
+361.8000E-03,-3.2160804E+00,+322.2236E-03
+362.0500E-03,-3.2160804E+00,+320.2764E-03
+362.3000E-03,-3.0150754E+00,+322.6633E-03
+362.5500E-03,-3.2160804E+00,+321.4070E-03
+362.8000E-03,-3.0150754E+00,+322.2236E-03
+363.0500E-03,-3.2097990E+00,+320.2764E-03
+363.3000E-03,-2.8580402E+00,+322.2236E-03
+363.5500E-03,-2.9082915E+00,+322.0980E-03
+363.8000E-03,-2.9271357E+00,+321.6583E-03
+364.0500E-03,-2.8203518E+00,+322.1608E-03
+364.3000E-03,-2.9711056E+00,+322.2236E-03
+364.5500E-03,-2.8140704E+00,+322.2236E-03
+364.8000E-03,-2.6695980E+00,+319.8995E-03
+365.0500E-03,-3.0087940E+00,+324.1708E-03
+365.3000E-03,-2.8580402E+00,+320.6533E-03
+365.5500E-03,-2.9082915E+00,+321.1558E-03
+365.8000E-03,-2.8140704E+00,+322.2236E-03
+366.0500E-03,-2.8077890E+00,+322.2236E-03
+366.3000E-03,-2.8140704E+00,+322.2236E-03
+366.5500E-03,-2.8140704E+00,+323.2915E-03
+366.8000E-03,-2.8140704E+00,+322.2236E-03
+367.0500E-03,-2.6130653E+00,+322.2236E-03
+367.3000E-03,-2.6130653E+00,+321.7839E-03
+367.5500E-03,-2.6130653E+00,+322.2236E-03
+367.8000E-03,-2.7575377E+00,+322.2236E-03
+368.0500E-03,-2.8015076E+00,+324.1708E-03
+368.3000E-03,-2.6130653E+00,+322.2236E-03
+368.5500E-03,-2.5062814E+00,+321.1558E-03
+368.8000E-03,-2.6130653E+00,+323.1030E-03
+369.0500E-03,-2.6130653E+00,+320.1507E-03
+369.3000E-03,-2.6570352E+00,+318.6432E-03
+369.5500E-03,-2.5188442E+00,+317.2613E-03
+369.8000E-03,-2.5565327E+00,+318.2035E-03
+370.0500E-03,-2.6067839E+00,+318.2035E-03
+370.3000E-03,-2.4560302E+00,+319.7739E-03
+370.5500E-03,-2.3178392E+00,+321.2814E-03
+370.8000E-03,-2.4120603E+00,+320.2136E-03
+371.0500E-03,-2.4120603E+00,+318.3291E-03
+371.3000E-03,-2.4120603E+00,+318.6432E-03
+371.5500E-03,-2.4120603E+00,+321.2814E-03
+371.8000E-03,-2.3555277E+00,+323.1030E-03
+372.0500E-03,-2.2173367E+00,+320.2136E-03
+372.3000E-03,-2.3680905E+00,+322.2236E-03
+372.5500E-03,-2.4120603E+00,+321.2814E-03
+372.8000E-03,-2.2110553E+00,+320.2136E-03
+373.0500E-03,-2.2110553E+00,+322.1608E-03
+373.3000E-03,-2.3680905E+00,+320.2136E-03
+373.5500E-03,-2.2110553E+00,+322.2236E-03
+373.8000E-03,-2.1545226E+00,+319.3342E-03
+374.0500E-03,-2.2047739E+00,+322.1608E-03
+374.3000E-03,-2.0540201E+00,+320.6533E-03
+374.5500E-03,-2.2110553E+00,+321.1558E-03
+374.8000E-03,-2.0100503E+00,+321.6583E-03
+375.0500E-03,-2.0100503E+00,+320.2136E-03
+375.3000E-03,-2.0540201E+00,+320.2136E-03
+375.5500E-03,-2.1042714E+00,+318.2035E-03
+375.8000E-03,-2.0665829E+00,+319.6482E-03
+376.0500E-03,-2.0037689E+00,+316.2563E-03
+376.3000E-03,-1.8530151E+00,+316.6332E-03
+376.5500E-03,-2.0100503E+00,+317.2613E-03
+376.8000E-03,-1.9221106E+00,+316.1935E-03
+377.0500E-03,-2.0100503E+00,+316.1306E-03
+377.3000E-03,-2.0100503E+00,+313.3040E-03
+377.5500E-03,-1.8090452E+00,+311.1055E-03
+377.8000E-03,-1.8090452E+00,+308.1533E-03
+378.0500E-03,-1.9974875E+00,+306.1432E-03
+378.3000E-03,-1.8090452E+00,+300.1131E-03
+378.5500E-03,-1.7148241E+00,+292.0729E-03
+378.8000E-03,-1.8969849E+00,+278.0025E-03
+379.0500E-03,-1.9974875E+00,+251.8719E-03
+379.3000E-03,-1.6520101E+00,+201.1809E-03
+379.5500E-03,-1.8090452E+00,+111.2940E-03
+379.8000E-03,-1.7525126E+00,+34.7864E-03
+380.0500E-03,-1.6080402E+00,+98.9196E-03
+380.3000E-03,-1.6520101E+00,+190.4397E-03
+380.5500E-03,-1.6080402E+00,+244.7739E-03
+380.8000E-03,-1.4635679E+00,+274.8618E-03
+381.0500E-03,-1.8027638E+00,+290.0628E-03
+381.3000E-03,-1.6080402E+00,+300.1131E-03
+381.5500E-03,-1.6080402E+00,+305.2010E-03
+381.8000E-03,-1.4070352E+00,+308.7186E-03
+382.0500E-03,-1.6017588E+00,+314.1206E-03
+382.3000E-03,-1.3630653E+00,+314.1834E-03
+382.5500E-03,-1.5138191E+00,+315.1256E-03
+382.8000E-03,-1.4635679E+00,+316.7588E-03
+383.0500E-03,-1.4007538E+00,+318.2035E-03
+383.3000E-03,-1.2060302E+00,+318.6432E-03
+383.5500E-03,-1.4070352E+00,+319.2713E-03
+383.8000E-03,-1.2625628E+00,+320.2136E-03
+384.0500E-03,-1.2123116E+00,+320.1507E-03
+384.3000E-03,-1.2060302E+00,+322.2236E-03
+384.5500E-03,-1.3128141E+00,+322.2236E-03
+384.8000E-03,-1.2625628E+00,+320.2136E-03
+385.0500E-03,-1.2060302E+00,+320.2136E-03
+385.3000E-03,-1.2060302E+00,+322.2236E-03
+385.5500E-03,-1.2060302E+00,+321.1558E-03
+385.8000E-03,-1.2625628E+00,+320.2136E-03
+386.0500E-03,-1.2060302E+00,+320.2136E-03
+386.3000E-03,-1.0050251E+00,+322.2236E-03
+386.5500E-03,-1.0050251E+00,+321.1558E-03
+386.8000E-03,-1.1494975E+00,+321.3442E-03
+387.0500E-03,-1.1997488E+00,+320.2764E-03
+387.3000E-03,-1.0050251E+00,+322.6633E-03
+387.5500E-03,-1.0050251E+00,+323.2915E-03
+387.8000E-03,-948.4925E-03,+322.2236E-03
+388.0500E-03,-1.1997488E+00,+322.1608E-03
+388.3000E-03,-1.0050251E+00,+321.7839E-03
+388.5500E-03,-910.8040E-03,+322.2236E-03
+388.8000E-03,-1.1494975E+00,+322.2236E-03
+389.0500E-03,-1.0050251E+00,+320.2136E-03
+389.3000E-03,-1.0489950E+00,+322.2236E-03
+389.5500E-03,-804.0201E-03,+323.1658E-03
+389.8000E-03,-1.0050251E+00,+323.6683E-03
+390.0500E-03,-804.0201E-03,+324.1708E-03
+390.3000E-03,-646.9849E-03,+323.7940E-03
+390.5500E-03,-804.0201E-03,+323.1658E-03
+390.8000E-03,-804.0201E-03,+322.7889E-03
+391.0500E-03,-797.7387E-03,+320.2764E-03
+391.3000E-03,-917.0854E-03,+322.6633E-03
+391.5500E-03,-804.0201E-03,+322.2236E-03
+391.8000E-03,-747.4874E-03,+320.7789E-03
+392.0500E-03,-609.2965E-03,+324.1708E-03
+392.3000E-03,-603.0151E-03,+323.7940E-03
+392.5500E-03,-697.2362E-03,+322.3492E-03
+392.8000E-03,-659.5477E-03,+323.6683E-03
+393.0500E-03,-603.0151E-03,+322.1608E-03
+393.3000E-03,-603.0151E-03,+321.7839E-03
+393.5500E-03,-603.0151E-03,+322.2236E-03
+393.8000E-03,-603.0151E-03,+323.6683E-03
+394.0500E-03,-603.0151E-03,+322.2236E-03
+394.3000E-03,-402.0101E-03,+322.2236E-03
+394.5500E-03,-603.0151E-03,+322.2236E-03
+394.8000E-03,-546.4824E-03,+320.7789E-03
+395.0500E-03,-402.0101E-03,+320.2764E-03
+395.3000E-03,-402.0101E-03,+322.2236E-03
+395.5500E-03,-295.2261E-03,+322.0980E-03
+395.8000E-03,-402.0101E-03,+322.2236E-03
+396.0500E-03,-590.4523E-03,+320.2764E-03
+396.3000E-03,-445.9799E-03,+322.2236E-03
+396.5500E-03,-402.0101E-03,+322.2236E-03
+396.8000E-03,-345.4774E-03,+322.2236E-03
+397.0500E-03,-6.2814E-03,+322.2236E-03
+397.3000E-03,-87.9397E-03,+322.2236E-03
+397.5500E-03,-106.7839E-03,+323.1658E-03
+397.8000E-03,-201.0050E-03,+322.2236E-03
+398.0500E-03,-194.7236E-03,+324.1708E-03
+398.3000E-03,-201.0050E-03,+322.2236E-03
+398.5500E-03,-201.0050E-03,+320.2136E-03
+398.8000E-03,+0.0E+00,+325.1131E-03
+399.0500E-03,-12.5628E-03,+324.2337E-03
+399.3000E-03,-43.9698E-03,+321.7839E-03
+399.5500E-03,+0.0E+00,+321.1558E-03
+399.8000E-03,-201.0050E-03,+320.7789E-03
+400.0500E-03,-6.2814E-03,+322.2236E-03
+400.3000E-03,+157.0352E-03,+322.2236E-03
+400.5500E-03,+94.2211E-03,+321.2814E-03
+400.8000E-03,+0.0E+00,+322.7889E-03
+401.0500E-03,+0.0E+00,+324.1708E-03
+401.3000E-03,+43.9698E-03,+323.7940E-03
+401.5500E-03,+94.2211E-03,+321.1558E-03
+401.8000E-03,+0.0E+00,+320.2136E-03
+402.0500E-03,+194.7236E-03,+322.1608E-03
+402.3000E-03,+244.9749E-03,+321.7839E-03
+402.5500E-03,+94.2211E-03,+325.1759E-03
+402.8000E-03,+201.0050E-03,+321.0930E-03
+403.0500E-03,+6.2814E-03,+320.3392E-03
+403.3000E-03,+314.0704E-03,+320.6533E-03
+403.5500E-03,+307.7889E-03,+322.3492E-03
+403.8000E-03,+288.9447E-03,+322.2236E-03
+404.0500E-03,+395.7286E-03,+322.2236E-03
+404.3000E-03,+244.9749E-03,+320.6533E-03
+404.5500E-03,+307.7889E-03,+321.1558E-03
+404.8000E-03,+345.4774E-03,+322.2236E-03
+405.0500E-03,+395.7286E-03,+322.2236E-03
+405.3000E-03,+244.9749E-03,+321.7839E-03
+405.5500E-03,+402.0101E-03,+321.1558E-03
+405.8000E-03,+402.0101E-03,+320.7789E-03
+406.0500E-03,+402.0101E-03,+322.2236E-03
+406.3000E-03,+402.0101E-03,+321.7839E-03
+406.5500E-03,+496.2312E-03,+321.2814E-03
+406.8000E-03,+546.4824E-03,+320.7789E-03
+407.0500E-03,+603.0151E-03,+324.1080E-03
+407.3000E-03,+646.9849E-03,+322.6633E-03
+407.5500E-03,+508.7940E-03,+321.1558E-03
+407.8000E-03,+747.4874E-03,+321.6583E-03
+408.0500E-03,+603.0151E-03,+320.2764E-03
+408.3000E-03,+603.0151E-03,+321.7839E-03
+408.5500E-03,+590.4523E-03,+320.2136E-03
+408.8000E-03,+747.4874E-03,+320.2136E-03
+409.0500E-03,+804.0201E-03,+320.2764E-03
+409.3000E-03,+646.9849E-03,+321.3442E-03
+409.5500E-03,+603.0151E-03,+319.1457E-03
+409.8000E-03,+546.4824E-03,+320.2136E-03
+410.0500E-03,+609.2965E-03,+322.1608E-03
+410.3000E-03,+804.0201E-03,+320.2136E-03
+410.5500E-03,+804.0201E-03,+318.3291E-03
+410.8000E-03,+659.5477E-03,+319.6482E-03
+411.0500E-03,+804.0201E-03,+320.2764E-03
+411.3000E-03,+847.9900E-03,+318.6432E-03
+411.5500E-03,+1.0050251E+00,+318.2035E-03
+411.8000E-03,+860.5528E-03,+321.6583E-03
+412.0500E-03,+797.7387E-03,+318.2663E-03
+412.3000E-03,+847.9900E-03,+318.2035E-03
+412.5500E-03,+804.0201E-03,+319.2713E-03
+412.8000E-03,+1.0050251E+00,+318.2035E-03
+413.0500E-03,+1.0050251E+00,+318.2035E-03
+413.3000E-03,+1.0050251E+00,+316.1935E-03
+413.5500E-03,+1.1118091E+00,+316.1935E-03
+413.8000E-03,+1.0050251E+00,+314.7487E-03
+414.0500E-03,+810.3015E-03,+316.0678E-03
+414.3000E-03,+1.3630653E+00,+315.3141E-03
+414.5500E-03,+1.2060302E+00,+313.2412E-03
+414.8000E-03,+1.1180905E+00,+311.6080E-03
+415.0500E-03,+1.2060302E+00,+312.1105E-03
+415.3000E-03,+1.0489950E+00,+310.6030E-03
+415.5500E-03,+1.3002513E+00,+310.1633E-03
+415.8000E-03,+1.2060302E+00,+306.1432E-03
+416.0500E-03,+1.4070352E+00,+302.1859E-03
+416.3000E-03,+1.2060302E+00,+302.1231E-03
+416.5500E-03,+1.2060302E+00,+299.0452E-03
+416.8000E-03,+1.2060302E+00,+296.0930E-03
+417.0500E-03,+1.4070352E+00,+292.0729E-03
+417.3000E-03,+1.1620603E+00,+290.0628E-03
+417.5500E-03,+1.4070352E+00,+289.1206E-03
+417.8000E-03,+1.2625628E+00,+289.4975E-03
+418.0500E-03,+1.4070352E+00,+288.0528E-03
+418.3000E-03,+1.4510050E+00,+288.4925E-03
+418.5500E-03,+1.6080402E+00,+292.0729E-03
+418.8000E-03,+1.6959799E+00,+295.5276E-03
+419.0500E-03,+1.6080402E+00,+296.0930E-03
+419.3000E-03,+1.6080402E+00,+299.6734E-03
+419.5500E-03,+1.5138191E+00,+301.1809E-03
+419.8000E-03,+1.7525126E+00,+306.1432E-03
+420.0500E-03,+1.6017588E+00,+306.1432E-03
+420.3000E-03,+1.5640704E+00,+308.1533E-03
+420.5500E-03,+1.6206030E+00,+309.2211E-03
+420.8000E-03,+1.6080402E+00,+311.6080E-03
+421.0500E-03,+1.6206030E+00,+314.1834E-03
+421.3000E-03,+1.4949749E+00,+314.1834E-03
+421.5500E-03,+1.8090452E+00,+315.2512E-03
+421.8000E-03,+1.6645729E+00,+315.6281E-03
+422.0500E-03,+1.8090452E+00,+316.1935E-03
+422.3000E-03,+1.8090452E+00,+319.3342E-03
+422.5500E-03,+1.8090452E+00,+317.1357E-03
+422.8000E-03,+1.7525126E+00,+318.2035E-03
+423.0500E-03,+1.8027638E+00,+318.2035E-03
+423.3000E-03,+1.7650754E+00,+317.7638E-03
+423.5500E-03,+1.9032663E+00,+318.2035E-03
+423.8000E-03,+1.9535176E+00,+318.7688E-03
+424.0500E-03,+2.2047739E+00,+320.1507E-03
+424.3000E-03,+2.0540201E+00,+322.2236E-03
+424.5500E-03,+1.9032663E+00,+319.1457E-03
+424.8000E-03,+2.0100503E+00,+320.2136E-03
+425.0500E-03,+2.0100503E+00,+318.2663E-03
+425.3000E-03,+1.8969849E+00,+320.6533E-03
+425.5500E-03,+2.2110553E+00,+322.2236E-03
+425.8000E-03,+2.0100503E+00,+320.7789E-03
+426.0500E-03,+2.4057789E+00,+322.2236E-03
+426.3000E-03,+1.8530151E+00,+321.3442E-03
+426.5500E-03,+2.0100503E+00,+321.2814E-03
+426.8000E-03,+2.1545226E+00,+321.3442E-03
+427.0500E-03,+2.2047739E+00,+322.2236E-03
+427.3000E-03,+2.1670854E+00,+322.2236E-03
+427.5500E-03,+2.0100503E+00,+320.2136E-03
+427.8000E-03,+2.2110553E+00,+322.7889E-03
+428.0500E-03,+2.2173367E+00,+322.1608E-03
+428.3000E-03,+2.2110553E+00,+322.2236E-03
+428.5500E-03,+2.4246231E+00,+323.2915E-03
+428.8000E-03,+2.2675880E+00,+321.6583E-03
+429.0500E-03,+2.4120603E+00,+322.1608E-03
+429.3000E-03,+2.4120603E+00,+321.7839E-03
+429.5500E-03,+2.5062814E+00,+321.2814E-03
+429.8000E-03,+2.3241206E+00,+320.7789E-03
+430.0500E-03,+2.4120603E+00,+322.2236E-03
+430.3000E-03,+2.4120603E+00,+320.6533E-03
+430.5500E-03,+2.5062814E+00,+320.2136E-03
+430.8000E-03,+2.4685930E+00,+322.2236E-03
+431.0500E-03,+2.6130653E+00,+322.2236E-03
+431.3000E-03,+2.4560302E+00,+320.6533E-03
+431.5500E-03,+2.5062814E+00,+322.2236E-03
+431.8000E-03,+2.6130653E+00,+321.3442E-03
+432.0500E-03,+2.8015076E+00,+322.1608E-03
+432.3000E-03,+2.6130653E+00,+320.6533E-03
+432.5500E-03,+2.9082915E+00,+322.2236E-03
+432.8000E-03,+2.7575377E+00,+321.6583E-03
+433.0500E-03,+2.6130653E+00,+322.2236E-03
+433.3000E-03,+2.6570352E+00,+320.6533E-03
+433.5500E-03,+2.8140704E+00,+320.2136E-03
+433.8000E-03,+2.6695980E+00,+322.2236E-03
+434.0500E-03,+2.8140704E+00,+322.2236E-03
+434.3000E-03,+2.8140704E+00,+323.7940E-03
+434.5500E-03,+2.7072865E+00,+323.2915E-03
+434.8000E-03,+2.8140704E+00,+322.2236E-03
+435.0500E-03,+2.8140704E+00,+324.1080E-03
+435.3000E-03,+2.9711056E+00,+319.0829E-03
+435.5500E-03,+2.9208543E+00,+321.1558E-03
+435.8000E-03,+2.9585427E+00,+320.7789E-03
+436.0500E-03,+3.0087940E+00,+322.2236E-03
+436.3000E-03,+2.8140704E+00,+321.7839E-03
+436.5500E-03,+2.9208543E+00,+320.2136E-03
+436.8000E-03,+2.8706030E+00,+322.2236E-03
+437.0500E-03,+2.8203518E+00,+322.2236E-03
+437.3000E-03,+3.0150754E+00,+320.6533E-03
+437.5500E-03,+2.9082915E+00,+322.2236E-03
+437.8000E-03,+3.0716081E+00,+322.2236E-03
+438.0500E-03,+3.0213568E+00,+320.2136E-03
+438.3000E-03,+3.0590452E+00,+323.7940E-03
+438.5500E-03,+3.0150754E+00,+321.1558E-03
+438.8000E-03,+3.0150754E+00,+322.7889E-03
+439.0500E-03,+3.2160804E+00,+322.2236E-03
+439.3000E-03,+3.0150754E+00,+323.3543E-03
+439.5500E-03,+3.2160804E+00,+322.2236E-03
+439.8000E-03,+3.2160804E+00,+322.2236E-03
+440.0500E-03,+3.4108040E+00,+322.1608E-03
+440.3000E-03,+3.2160804E+00,+322.2236E-03
+440.5500E-03,+3.2160804E+00,+321.2814E-03
+440.8000E-03,+3.3605528E+00,+322.2236E-03
+441.0500E-03,+3.4108040E+00,+320.2764E-03
+441.3000E-03,+3.2160804E+00,+320.2136E-03
+441.5500E-03,+3.3103015E+00,+322.2236E-03
+441.8000E-03,+3.4170855E+00,+322.7889E-03
+442.0500E-03,+3.4233669E+00,+322.2236E-03
+442.3000E-03,+3.4170855E+00,+320.6533E-03
+442.5500E-03,+3.5113066E+00,+322.2236E-03
+442.8000E-03,+3.4170855E+00,+320.2136E-03
+443.0500E-03,+3.4170855E+00,+320.2136E-03
+443.3000E-03,+3.4170855E+00,+320.6533E-03
+443.5500E-03,+3.7123116E+00,+321.2814E-03
+443.8000E-03,+3.4736181E+00,+321.6583E-03
+444.0500E-03,+3.6180905E+00,+318.2035E-03
+444.3000E-03,+3.4610553E+00,+320.6533E-03
+444.5500E-03,+3.5113066E+00,+322.2236E-03
+444.8000E-03,+3.4736181E+00,+319.3342E-03
+445.0500E-03,+3.4170855E+00,+320.2136E-03
+445.3000E-03,+3.6620603E+00,+319.0829E-03
+445.5500E-03,+3.6180905E+00,+320.2136E-03
+445.8000E-03,+3.8190955E+00,+318.7688E-03
+446.0500E-03,+3.8190955E+00,+320.2764E-03
+446.3000E-03,+3.8190955E+00,+318.6432E-03
+446.5500E-03,+3.6180905E+00,+319.1457E-03
+446.8000E-03,+3.8756282E+00,+316.7588E-03
+447.0500E-03,+3.8190955E+00,+316.1935E-03
+447.3000E-03,+3.8190955E+00,+314.1834E-03
+447.5500E-03,+3.8190955E+00,+314.1834E-03
+447.8000E-03,+3.8190955E+00,+310.7286E-03
+448.0500E-03,+4.0263819E+00,+308.1533E-03
+448.3000E-03,+4.0201005E+00,+298.5427E-03
+448.5500E-03,+3.9133166E+00,+284.0327E-03
+448.8000E-03,+3.8190955E+00,+253.3166E-03
+449.0500E-03,+3.8253769E+00,+173.7312E-03
+449.3000E-03,+4.0201005E+00,+44.8367E-03
+449.5500E-03,+4.1143216E+00,+109.0327E-03
+449.8000E-03,+4.1645729E+00,+221.7211E-03
+450.0500E-03,+4.0201005E+00,+271.9095E-03
+450.3000E-03,+4.1771357E+00,+294.0829E-03
+450.5500E-03,+4.1268845E+00,+305.2010E-03
+450.8000E-03,+4.0201005E+00,+310.1633E-03
+451.0500E-03,+4.0263819E+00,+314.1206E-03
+451.3000E-03,+4.1771357E+00,+316.6332E-03
+451.5500E-03,+4.2211056E+00,+318.2035E-03
+451.8000E-03,+4.1331659E+00,+318.2035E-03
+452.0500E-03,+4.4158292E+00,+316.2563E-03
+452.3000E-03,+4.2650754E+00,+318.2035E-03
+452.5500E-03,+4.0201005E+00,+318.2035E-03
+452.8000E-03,+4.2211056E+00,+318.7688E-03
+453.0500E-03,+4.4221106E+00,+322.0980E-03
+453.3000E-03,+4.2211056E+00,+320.2136E-03
+453.5500E-03,+4.4221106E+00,+320.2136E-03
+453.8000E-03,+4.5100503E+00,+321.0930E-03
+454.0500E-03,+4.4221106E+00,+320.2136E-03
+454.3000E-03,+4.5791458E+00,+320.6533E-03
+454.5500E-03,+4.5288945E+00,+321.2814E-03
+454.8000E-03,+4.4221106E+00,+323.3543E-03
+455.0500E-03,+4.4221106E+00,+320.3392E-03
+455.3000E-03,+4.6231156E+00,+322.2236E-03
+455.5500E-03,+4.5163317E+00,+321.1558E-03
+455.8000E-03,+4.5665829E+00,+321.6583E-03
+456.0500E-03,+4.4283920E+00,+322.2236E-03
+456.3000E-03,+4.5791458E+00,+322.2236E-03
+456.5500E-03,+4.6231156E+00,+323.1658E-03
+456.8000E-03,+4.7675880E+00,+320.7789E-03
+457.0500E-03,+4.6231156E+00,+322.1608E-03
+457.3000E-03,+4.6231156E+00,+320.2136E-03
+457.5500E-03,+4.6231156E+00,+321.2814E-03
+457.8000E-03,+4.6231156E+00,+322.2236E-03
+458.0500E-03,+4.4283920E+00,+322.1608E-03
+458.3000E-03,+4.8241206E+00,+322.2236E-03
+458.5500E-03,+4.8241206E+00,+323.2915E-03
+458.8000E-03,+4.8241206E+00,+320.7789E-03
+459.0500E-03,+5.0125629E+00,+322.1608E-03
+459.3000E-03,+4.8241206E+00,+322.6633E-03
+459.5500E-03,+4.8241206E+00,+321.1558E-03
+459.8000E-03,+5.1695980E+00,+322.2236E-03
+460.0500E-03,+5.0188443E+00,+322.2236E-03
+460.3000E-03,+5.1381910E+00,+322.2236E-03
+460.5500E-03,+4.9183417E+00,+321.2814E-03
+460.8000E-03,+4.8806533E+00,+322.7889E-03
+461.0500E-03,+5.2198493E+00,+324.1708E-03
+461.3000E-03,+5.0251257E+00,+322.2236E-03
+461.5500E-03,+4.9309046E+00,+321.1558E-03
+461.8000E-03,+5.0251257E+00,+322.2236E-03
+462.0500E-03,+5.0251257E+00,+320.2136E-03
+462.3000E-03,+5.1821608E+00,+322.2236E-03
+462.5500E-03,+5.0251257E+00,+322.2236E-03
+462.8000E-03,+5.0816583E+00,+321.6583E-03
+463.0500E-03,+5.2198493E+00,+322.1608E-03
+463.3000E-03,+5.0690955E+00,+320.2136E-03
+463.5500E-03,+5.0251257E+00,+322.2236E-03
+463.8000E-03,+5.1695980E+00,+319.3342E-03
+464.0500E-03,+5.2261307E+00,+320.2764E-03
+464.3000E-03,+5.2261307E+00,+322.2236E-03
+464.5500E-03,+5.1193468E+00,+323.2915E-03
+464.8000E-03,+5.2826634E+00,+321.6583E-03
+465.0500E-03,+5.2261307E+00,+322.2236E-03
+465.3000E-03,+5.3140704E+00,+323.7940E-03
+465.5500E-03,+5.3329146E+00,+322.2236E-03
+465.8000E-03,+5.0816583E+00,+320.7789E-03
+466.0500E-03,+5.4271357E+00,+322.2236E-03
+466.3000E-03,+5.2261307E+00,+321.7839E-03
+466.5500E-03,+5.4271357E+00,+321.1558E-03
+466.8000E-03,+5.3706031E+00,+320.2136E-03
+467.0500E-03,+5.4271357E+00,+322.2864E-03
+467.3000E-03,+5.5841709E+00,+321.0930E-03
+467.5500E-03,+5.5213568E+00,+321.2814E-03
+467.8000E-03,+5.4836684E+00,+323.1030E-03
+468.0500E-03,+5.4271357E+00,+322.2236E-03
+468.3000E-03,+5.6281407E+00,+322.2236E-03
+468.5500E-03,+5.5339196E+00,+320.2136E-03
+468.8000E-03,+5.5716081E+00,+320.7789E-03
+469.0500E-03,+5.6281407E+00,+322.2236E-03
+469.3000E-03,+5.6281407E+00,+323.7940E-03
+469.5500E-03,+5.5213568E+00,+322.2236E-03
+469.8000E-03,+5.6846734E+00,+322.2236E-03
+470.0500E-03,+5.6281407E+00,+322.2236E-03
+470.3000E-03,+5.7851759E+00,+322.2236E-03
+470.5500E-03,+5.6281407E+00,+321.1558E-03
+470.8000E-03,+5.8291458E+00,+321.6583E-03
+471.0500E-03,+5.8228644E+00,+320.2764E-03
+471.3000E-03,+5.7851759E+00,+321.0930E-03
+471.5500E-03,+5.8291458E+00,+322.2236E-03
+471.8000E-03,+5.8291458E+00,+320.2136E-03
+472.0500E-03,+5.8291458E+00,+322.2236E-03
+472.3000E-03,+5.9861810E+00,+322.6633E-03
+472.5500E-03,+6.0301508E+00,+322.2236E-03
+472.8000E-03,+5.9736181E+00,+322.2236E-03
+473.0500E-03,+5.8354272E+00,+322.2236E-03
+473.3000E-03,+6.0301508E+00,+322.2236E-03
+473.5500E-03,+5.9233669E+00,+322.3492E-03
+473.8000E-03,+6.0301508E+00,+321.6583E-03
+474.0500E-03,+6.0301508E+00,+322.2864E-03
+474.3000E-03,+5.9861810E+00,+322.2236E-03
+474.5500E-03,+6.2311558E+00,+323.2915E-03
+474.8000E-03,+6.2311558E+00,+322.2236E-03
+475.0500E-03,+6.0301508E+00,+322.2236E-03
+475.3000E-03,+6.0741206E+00,+321.7839E-03
+475.5500E-03,+6.1369347E+00,+321.2814E-03
+475.8000E-03,+6.1746232E+00,+320.7789E-03
+476.0500E-03,+6.2311558E+00,+322.2236E-03
+476.3000E-03,+6.2311558E+00,+321.7839E-03
+476.5500E-03,+6.2311558E+00,+323.1658E-03
+476.8000E-03,+6.0866835E+00,+323.6683E-03
+477.0500E-03,+6.2374372E+00,+322.1608E-03
+477.3000E-03,+6.2311558E+00,+321.7839E-03
+477.5500E-03,+6.2311558E+00,+321.1558E-03
+477.8000E-03,+6.2876885E+00,+322.7889E-03
+478.0500E-03,+6.2374372E+00,+320.2764E-03
+478.3000E-03,+6.4321609E+00,+323.7940E-03
+478.5500E-03,+6.6331659E+00,+322.0980E-03
+478.8000E-03,+6.4321609E+00,+323.1030E-03
+479.0500E-03,+6.4384423E+00,+322.1608E-03
+479.3000E-03,+6.4761307E+00,+322.2236E-03
+479.5500E-03,+6.4321609E+00,+323.1658E-03
+479.8000E-03,+6.4321609E+00,+323.6683E-03
+480.0500E-03,+6.6268845E+00,+322.1608E-03
+480.3000E-03,+6.4761307E+00,+322.2236E-03
+480.5500E-03,+6.4321609E+00,+322.0980E-03
+480.8000E-03,+6.5766332E+00,+320.2136E-03
+481.0500E-03,+6.6331659E+00,+322.2236E-03
+481.3000E-03,+6.6771357E+00,+320.6533E-03
+481.5500E-03,+6.7399498E+00,+323.2915E-03
+481.8000E-03,+6.8907036E+00,+321.6583E-03
+482.0500E-03,+6.6331659E+00,+320.2764E-03
+482.3000E-03,+6.6331659E+00,+322.6633E-03
+482.5500E-03,+6.6331659E+00,+322.2236E-03
+482.8000E-03,+6.6331659E+00,+320.7789E-03
+483.0500E-03,+6.8341709E+00,+322.2236E-03
+483.3000E-03,+6.6771357E+00,+320.6533E-03
+483.5500E-03,+6.8341709E+00,+322.2236E-03
+483.8000E-03,+6.8907036E+00,+322.7889E-03
+484.0500E-03,+6.6394473E+00,+322.2236E-03
+484.3000E-03,+6.8341709E+00,+322.2236E-03
+484.5500E-03,+6.8341709E+00,+323.1658E-03
+484.8000E-03,+7.0351759E+00,+321.6583E-03
+485.0500E-03,+7.0351759E+00,+320.2764E-03
+485.3000E-03,+6.8781408E+00,+322.2236E-03
+485.5500E-03,+7.0351759E+00,+322.2236E-03
+485.8000E-03,+6.7462312E+00,+320.7789E-03
+486.0500E-03,+6.8341709E+00,+322.2236E-03
+486.3000E-03,+6.9912061E+00,+321.7839E-03
+486.5500E-03,+7.1419599E+00,+323.2915E-03
+486.8000E-03,+7.1796483E+00,+320.7789E-03
+487.0500E-03,+7.0351759E+00,+322.2236E-03
+487.3000E-03,+7.1482413E+00,+323.3543E-03
+487.5500E-03,+7.0351759E+00,+322.2236E-03
+487.8000E-03,+7.3241207E+00,+321.3442E-03
+488.0500E-03,+7.2298996E+00,+320.2136E-03
+488.3000E-03,+7.0791458E+00,+322.2236E-03
+488.5500E-03,+7.2361810E+00,+323.1658E-03
+488.8000E-03,+6.9472362E+00,+321.6583E-03
+489.0500E-03,+7.4371860E+00,+322.2864E-03
+489.3000E-03,+7.3932161E+00,+323.3543E-03
+489.5500E-03,+7.4371860E+00,+320.0879E-03
+489.8000E-03,+7.2927136E+00,+320.2136E-03
+490.0500E-03,+7.2361810E+00,+322.2236E-03
+490.3000E-03,+7.2801508E+00,+322.2236E-03
+490.5500E-03,+7.4371860E+00,+321.2814E-03
+490.8000E-03,+7.4371860E+00,+322.2236E-03
+491.0500E-03,+7.4371860E+00,+322.2236E-03
+491.3000E-03,+7.4371860E+00,+322.2236E-03
+491.5500E-03,+7.4371860E+00,+321.2814E-03
+491.8000E-03,+7.6381910E+00,+320.7789E-03
+492.0500E-03,+7.4434674E+00,+322.2236E-03
+492.3000E-03,+7.5942212E+00,+321.7839E-03
+492.5500E-03,+7.7449749E+00,+322.2236E-03
+492.8000E-03,+7.6381910E+00,+322.2236E-03
+493.0500E-03,+7.4434674E+00,+320.2764E-03
+493.3000E-03,+7.6381910E+00,+322.2236E-03
+493.5500E-03,+7.6381910E+00,+321.1558E-03
+493.8000E-03,+7.8391960E+00,+322.2236E-03
+494.0500E-03,+7.8329146E+00,+322.2236E-03
+494.3000E-03,+7.6381910E+00,+321.7839E-03
+494.5500E-03,+7.6381910E+00,+321.1558E-03
+494.8000E-03,+7.6381910E+00,+320.7789E-03
+495.0500E-03,+7.6381910E+00,+322.1608E-03
+495.3000E-03,+7.6821609E+00,+321.7839E-03
+495.5500E-03,+7.4371860E+00,+322.2236E-03
+495.8000E-03,+7.5502513E+00,+320.2136E-03
+496.0500E-03,+7.6444724E+00,+320.2764E-03
+496.3000E-03,+7.6381910E+00,+320.6533E-03
+496.5500E-03,+7.4371860E+00,+322.2236E-03
+496.8000E-03,+7.4937187E+00,+320.7789E-03
+497.0500E-03,+7.4371860E+00,+320.2136E-03
+497.3000E-03,+7.2801508E+00,+320.6533E-03
+497.5500E-03,+7.3429649E+00,+323.2915E-03
+497.8000E-03,+7.4371860E+00,+322.7889E-03
+498.0500E-03,+7.2361810E+00,+322.2236E-03
+498.3000E-03,+7.2361810E+00,+322.2236E-03
+498.5500E-03,+7.3304021E+00,+320.2136E-03
+498.8000E-03,+7.1796483E+00,+322.2236E-03
+499.0500E-03,+7.2424624E+00,+320.2136E-03
+499.3000E-03,+7.3492463E+00,+321.7839E-03
+499.5500E-03,+7.2361810E+00,+322.2236E-03
+499.8000E-03,+7.2361810E+00,+322.7889E-03
+500.0500E-03,+7.2298996E+00,+322.2236E-03
+500.3000E-03,+7.1922111E+00,+321.7839E-03
+500.5500E-03,+7.2361810E+00,+322.2236E-03
+500.8000E-03,+6.9472362E+00,+322.2236E-03
+501.0500E-03,+7.2361810E+00,+320.2764E-03
+501.3000E-03,+7.0351759E+00,+322.2236E-03
+501.5500E-03,+6.9409548E+00,+320.2136E-03
+501.8000E-03,+6.8907036E+00,+323.6683E-03
+502.0500E-03,+7.0414573E+00,+322.2236E-03
+502.3000E-03,+7.1922111E+00,+320.6533E-03
+502.5500E-03,+7.0351759E+00,+323.1658E-03
+502.8000E-03,+6.9472362E+00,+320.2136E-03
+503.0500E-03,+7.0288945E+00,+320.2764E-03
+503.3000E-03,+6.9912061E+00,+320.6533E-03
+503.5500E-03,+6.9409548E+00,+322.2236E-03
+503.8000E-03,+7.0351759E+00,+321.6583E-03
+504.0500E-03,+6.8341709E+00,+320.2764E-03
+504.3000E-03,+6.7902011E+00,+320.6533E-03
+504.5500E-03,+6.8341709E+00,+320.2136E-03
+504.8000E-03,+6.8341709E+00,+321.6583E-03
+505.0500E-03,+6.8341709E+00,+322.2864E-03
+505.3000E-03,+6.7902011E+00,+320.6533E-03
+505.5500E-03,+6.7273870E+00,+320.2136E-03
+505.8000E-03,+6.6331659E+00,+320.7789E-03
+506.0500E-03,+6.8404523E+00,+320.2136E-03
+506.3000E-03,+6.6331659E+00,+322.2236E-03
+506.5500E-03,+6.7273870E+00,+323.2915E-03
+506.8000E-03,+6.6331659E+00,+321.6583E-03
+507.0500E-03,+6.6331659E+00,+322.2236E-03
+507.3000E-03,+6.6331659E+00,+320.6533E-03
+507.5500E-03,+6.7273870E+00,+322.2236E-03
+507.8000E-03,+6.5452262E+00,+321.6583E-03
+508.0500E-03,+6.6268845E+00,+324.1708E-03
+508.3000E-03,+6.4761307E+00,+320.6533E-03
+508.5500E-03,+6.5263820E+00,+322.2236E-03
+508.8000E-03,+6.4321609E+00,+322.7889E-03
+509.0500E-03,+6.2374372E+00,+320.2764E-03
+509.3000E-03,+6.4321609E+00,+322.2236E-03
+509.5500E-03,+6.4321609E+00,+321.1558E-03
+509.8000E-03,+6.4321609E+00,+322.2236E-03
+510.0500E-03,+6.6268845E+00,+322.2236E-03
+510.3000E-03,+6.2311558E+00,+321.7839E-03
+510.5500E-03,+6.1243719E+00,+322.2236E-03
+510.8000E-03,+6.3190955E+00,+322.2236E-03
+511.0500E-03,+6.2374372E+00,+320.2764E-03
+511.3000E-03,+6.0741206E+00,+320.6533E-03
+511.5500E-03,+6.1243719E+00,+321.2814E-03
+511.8000E-03,+6.2311558E+00,+321.6583E-03
+512.0500E-03,+6.2311558E+00,+320.2764E-03
+512.3000E-03,+6.1871860E+00,+320.6533E-03
+512.5500E-03,+6.1369347E+00,+324.2337E-03
+512.8000E-03,+6.0301508E+00,+320.7789E-03
+513.0500E-03,+6.2311558E+00,+320.2764E-03
+513.3000E-03,+6.1871860E+00,+322.2236E-03
+513.5500E-03,+6.1243719E+00,+323.2915E-03
+513.8000E-03,+6.0866835E+00,+323.1030E-03
+514.0500E-03,+6.0301508E+00,+322.2236E-03
+514.3000E-03,+6.0741206E+00,+322.2236E-03
+514.5500E-03,+6.0301508E+00,+320.2136E-03
+514.8000E-03,+5.8856784E+00,+321.6583E-03
+515.0500E-03,+6.0301508E+00,+322.2236E-03
+515.3000E-03,+5.8731156E+00,+322.2236E-03
+515.5500E-03,+5.9359297E+00,+323.1658E-03
+515.8000E-03,+5.8856784E+00,+322.2236E-03
+516.0500E-03,+5.6344222E+00,+322.1608E-03
+516.3000E-03,+5.9861810E+00,+320.6533E-03
+516.5500E-03,+5.7349247E+00,+320.2136E-03
+516.8000E-03,+5.8291458E+00,+322.2236E-03
+517.0500E-03,+5.6281407E+00,+322.2236E-03
+517.3000E-03,+5.8291458E+00,+321.7839E-03
+517.5500E-03,+5.8291458E+00,+321.1558E-03
+517.8000E-03,+5.7726131E+00,+323.1030E-03
+518.0500E-03,+5.8228644E+00,+322.2236E-03
+518.3000E-03,+5.7851759E+00,+320.6533E-03
+518.5500E-03,+5.7349247E+00,+321.2814E-03
+518.8000E-03,+5.6281407E+00,+322.2236E-03
+519.0500E-03,+5.4334171E+00,+322.1608E-03
+519.3000E-03,+5.4271357E+00,+320.6533E-03
+519.5500E-03,+5.6281407E+00,+321.1558E-03
+519.8000E-03,+5.6846734E+00,+321.6583E-03
+520.0500E-03,+5.4334171E+00,+320.2136E-03
+520.3000E-03,+5.4271357E+00,+320.6533E-03
+520.5500E-03,+5.5213568E+00,+323.1658E-03
+520.8000E-03,+5.6281407E+00,+320.7789E-03
+521.0500E-03,+5.4334171E+00,+320.2764E-03
+521.3000E-03,+5.3831659E+00,+322.2236E-03
+521.5500E-03,+5.5339196E+00,+323.1658E-03
+521.8000E-03,+5.2826634E+00,+320.2136E-03
+522.0500E-03,+5.4334171E+00,+320.3392E-03
+522.3000E-03,+5.4271357E+00,+322.2236E-03
+522.5500E-03,+5.4271357E+00,+323.1658E-03
+522.8000E-03,+5.4271357E+00,+320.7789E-03
+523.0500E-03,+5.2324121E+00,+318.2035E-03
+523.3000E-03,+5.1821608E+00,+321.7839E-03
+523.5500E-03,+5.2261307E+00,+323.2915E-03
+523.8000E-03,+5.2826634E+00,+323.1030E-03
+524.0500E-03,+5.0314071E+00,+324.1708E-03
+524.3000E-03,+5.1821608E+00,+322.2236E-03
+524.5500E-03,+5.1193468E+00,+322.2236E-03
+524.8000E-03,+5.0816583E+00,+320.7789E-03
+525.0500E-03,+5.2198493E+00,+322.2236E-03
+525.3000E-03,+4.9120603E+00,+320.6533E-03
+525.5500E-03,+5.1193468E+00,+322.2236E-03
+525.8000E-03,+5.1695980E+00,+322.2236E-03
+526.0500E-03,+4.8178392E+00,+322.1608E-03
+526.3000E-03,+4.9811558E+00,+319.7739E-03
+526.5500E-03,+4.9309046E+00,+323.2915E-03
+526.8000E-03,+5.0816583E+00,+322.2236E-03
+527.0500E-03,+5.2198493E+00,+322.2236E-03
+527.3000E-03,+4.8680905E+00,+320.6533E-03
+527.5500E-03,+4.8241206E+00,+324.2337E-03
+527.8000E-03,+4.8806533E+00,+323.6683E-03
+528.0500E-03,+5.0188443E+00,+322.1608E-03
+528.3000E-03,+4.8241206E+00,+321.7839E-03
+528.5500E-03,+4.8241206E+00,+321.1558E-03
+528.8000E-03,+4.8806533E+00,+323.1030E-03
+529.0500E-03,+5.0251257E+00,+322.1608E-03
+529.3000E-03,+4.7801508E+00,+322.2236E-03
+529.5500E-03,+4.6231156E+00,+321.2814E-03
+529.8000E-03,+4.6231156E+00,+320.2136E-03
+530.0500E-03,+4.8178392E+00,+324.1080E-03
+530.3000E-03,+4.6670855E+00,+321.7839E-03
+530.5500E-03,+4.6105528E+00,+322.2236E-03
+530.8000E-03,+4.5665829E+00,+321.6583E-03
+531.0500E-03,+4.8178392E+00,+322.2236E-03
+531.3000E-03,+4.5791458E+00,+323.7940E-03
+531.5500E-03,+4.7173367E+00,+322.2236E-03
+531.8000E-03,+4.5665829E+00,+321.3442E-03
+532.0500E-03,+4.6168342E+00,+322.0980E-03
+532.3000E-03,+4.6231156E+00,+321.7839E-03
+532.5500E-03,+4.5288945E+00,+321.2814E-03
+532.8000E-03,+4.3655779E+00,+320.7789E-03
+533.0500E-03,+4.6231156E+00,+322.2864E-03
+533.3000E-03,+4.4221106E+00,+320.6533E-03
+533.5500E-03,+4.3153267E+00,+323.2915E-03
+533.8000E-03,+4.5665829E+00,+322.2236E-03
+534.0500E-03,+4.4158292E+00,+320.2764E-03
+534.3000E-03,+4.2650754E+00,+322.2236E-03
+534.5500E-03,+4.2211056E+00,+322.2236E-03
+534.8000E-03,+4.2776382E+00,+320.7789E-03
+535.0500E-03,+4.2211056E+00,+322.2236E-03
+535.3000E-03,+4.0201005E+00,+320.6533E-03
+535.5500E-03,+4.3278895E+00,+322.2236E-03
+535.8000E-03,+4.2211056E+00,+320.7789E-03
+536.0500E-03,+4.2273870E+00,+324.2337E-03
+536.3000E-03,+4.2211056E+00,+321.7839E-03
+536.5500E-03,+4.2085427E+00,+322.2236E-03
+536.8000E-03,+4.1645729E+00,+320.7789E-03
+537.0500E-03,+4.2211056E+00,+324.1708E-03
+537.3000E-03,+4.2211056E+00,+322.6633E-03
+537.5500E-03,+4.2336684E+00,+320.0879E-03
+537.8000E-03,+4.1645729E+00,+322.7889E-03
+538.0500E-03,+4.0263819E+00,+322.2236E-03
+538.3000E-03,+4.0201005E+00,+324.6734E-03
+538.5500E-03,+4.0201005E+00,+322.2236E-03
+538.8000E-03,+4.0201005E+00,+320.2136E-03
+539.0500E-03,+4.0201005E+00,+322.2236E-03
+539.3000E-03,+4.0201005E+00,+322.2236E-03
+539.5500E-03,+3.9258794E+00,+322.0980E-03
+539.8000E-03,+3.8756282E+00,+322.2236E-03
+540.0500E-03,+4.2211056E+00,+322.2236E-03
+540.3000E-03,+3.8190955E+00,+322.2236E-03
+540.5500E-03,+3.8190955E+00,+322.2236E-03
+540.8000E-03,+3.9635679E+00,+323.1030E-03
+541.0500E-03,+4.0075377E+00,+322.2236E-03
+541.3000E-03,+3.8190955E+00,+323.7940E-03
+541.5500E-03,+3.7123116E+00,+322.2236E-03
+541.8000E-03,+3.8190955E+00,+322.2236E-03
+542.0500E-03,+3.6243719E+00,+320.3392E-03
+542.3000E-03,+3.8190955E+00,+321.0930E-03
+542.5500E-03,+3.8190955E+00,+322.2236E-03
+542.8000E-03,+3.6180905E+00,+322.2236E-03
+543.0500E-03,+3.6180905E+00,+322.2236E-03
+543.3000E-03,+3.6180905E+00,+322.2236E-03
+543.5500E-03,+3.5238694E+00,+321.1558E-03
+543.8000E-03,+3.6180905E+00,+322.7889E-03
+544.0500E-03,+3.6180905E+00,+324.1708E-03
+544.3000E-03,+3.6180905E+00,+320.6533E-03
+544.5500E-03,+3.6180905E+00,+321.2814E-03
+544.8000E-03,+3.5615578E+00,+321.6583E-03
+545.0500E-03,+3.2286432E+00,+322.2236E-03
+545.3000E-03,+3.5741206E+00,+323.7940E-03
+545.5500E-03,+3.4170855E+00,+321.1558E-03
+545.8000E-03,+3.3605528E+00,+322.2236E-03
+546.0500E-03,+3.4170855E+00,+322.2236E-03
+546.3000E-03,+3.4610553E+00,+322.2236E-03
+546.5500E-03,+3.2160804E+00,+321.1558E-03
+546.8000E-03,+3.3605528E+00,+324.2337E-03
+547.0500E-03,+3.2223618E+00,+320.2764E-03
+547.3000E-03,+3.4170855E+00,+321.7839E-03
+547.5500E-03,+3.3103015E+00,+323.2915E-03
+547.8000E-03,+3.1595478E+00,+320.7789E-03
+548.0500E-03,+3.2223618E+00,+324.1708E-03
+548.3000E-03,+3.3291458E+00,+320.2136E-03
+548.5500E-03,+3.2160804E+00,+320.2136E-03
+548.8000E-03,+3.2160804E+00,+321.6583E-03
+549.0500E-03,+3.0150754E+00,+320.2136E-03
+549.3000E-03,+3.2160804E+00,+321.0930E-03
+549.5500E-03,+3.2160804E+00,+321.2814E-03
+549.8000E-03,+3.1595478E+00,+321.0930E-03
+550.0500E-03,+3.0087940E+00,+320.2764E-03
+550.3000E-03,+3.0150754E+00,+322.2236E-03
+550.5500E-03,+2.9208543E+00,+321.1558E-03
+550.8000E-03,+2.8706030E+00,+320.7789E-03
+551.0500E-03,+2.8203518E+00,+320.2764E-03
+551.3000E-03,+3.1721106E+00,+320.6533E-03
+551.5500E-03,+3.1218593E+00,+322.2236E-03
+551.8000E-03,+3.0150754E+00,+320.2136E-03
+552.0500E-03,+2.8140704E+00,+320.2136E-03
+552.3000E-03,+3.0150754E+00,+322.2236E-03
+552.5500E-03,+2.9082915E+00,+320.2136E-03
+552.8000E-03,+2.8706030E+00,+323.1030E-03
+553.0500E-03,+2.8140704E+00,+322.1608E-03
+553.3000E-03,+2.8140704E+00,+320.2136E-03
+553.5500E-03,+2.8140704E+00,+320.2136E-03
